frame,timestamp,gesture_id,gesture,thumb_tip_x,thumb_tip_y,thumb_tip_z,index_tip_x,index_tip_y,index_tip_z,wrist_x,wrist_y,wrist_z,index_mcp_x,index_mcp_y,index_mcp_z,pinky_mcp_x,pinky_mcp_y,pinky_mcp_z
0,1772099458.0464509,0,0
1,1772099458.1286702,0,0
2,1772099458.1727555,0,0
3,1772099458.2216697,0,0
4,1772099458.2643502,0,0
5,1772099458.307303,0,0
6,1772099458.3520136,0,0
7,1772099458.4008274,0,0
8,1772099458.4586222,0,0
9,1772099458.5030482,0,0
10,1772099458.542394,0,0
11,1772099458.5978284,0,0
12,1772099458.6419766,0,0
13,1772099458.70425,0,0
14,1772099458.7605486,0,0
15,1772099458.8089247,0,0
16,1772099458.859011,0,0
17,1772099458.9123173,0,0
18,1772099458.958639,0,0
19,1772099459.00016,0,0
20,1772099459.0411146,0,0
21,1772099459.091983,0,0
22,1772099459.1397932,0,0
23,1772099459.1920078,0,0
24,1772099459.2423809,0,0
25,1772099459.2959342,0,0
26,1772099459.3419392,0,0
27,1772099459.405507,0,0
28,1772099459.468901,0,0
29,1772099459.5106332,0,0
30,1772099459.558653,0,0
31,1772099459.609066,0,0
32,1772099459.650034,0,0
33,1772099459.717848,0,0
34,1772099459.759764,0,0
35,1772099459.8057034,0,0
36,1772099459.859267,0,0
37,1772099459.9092858,0,0
38,1772099459.9588494,0,0
39,1772099460.0145395,0,0
40,1772099460.0700989,0,0
41,1772099460.128673,0,0
42,1772099460.1797948,0,0
43,1772099460.2252982,0,0
44,1772099460.2752676,0,0
45,1772099460.338469,0,0
46,1772099460.3927338,0,0
47,1772099460.445621,0,0
48,1772099460.498057,0,0
49,1772099460.5432549,0,0
50,1772099460.5952773,0,0
51,1772099460.6422226,0,0
52,1772099460.693294,0,0
53,1772099460.7451727,0,0
54,1772099460.7958646,0,0
55,1772099460.8419137,0,0
56,1772099460.8925755,0,0
57,1772099460.945867,0,0
58,1772099460.9941683,0,0
59,1772099461.0429685,0,0
60,1772099461.0943155,0,0
61,1772099461.1440353,1,1
62,1772099461.1998875,1,1
63,1772099461.2386963,1,1
64,1772099461.2828815,1,1
65,1772099461.3287845,1,1
66,1772099461.3773491,1,1
67,1772099461.4331813,1,1
68,1772099461.4781108,1,1
69,1772099461.5281575,1,1
70,1772099461.5786633,1,1
71,1772099461.6291854,1,1
72,1772099461.6848347,1,1
73,1772099461.7282312,1,1
74,1772099461.7822444,1,1
75,1772099461.825535,1,1
76,1772099461.8799596,1,1
77,1772099461.9326816,1,1
78,1772099461.9806736,1,1
79,1772099462.0286646,1,1
80,1772099462.082162,1,1
81,1772099462.1318445,1,1
82,1772099462.1787574,1,1
83,1772099462.2290554,1,1
84,1772099462.2752924,1,1
85,1772099462.3290637,1,1
86,1772099462.3804052,1,1
87,1772099462.4298017,1,1
88,1772099462.478736,1,1
89,1772099462.5297732,1,1
90,1772099462.5781384,1,1
91,1772099462.6251812,1,1
92,1772099462.678896,1,1
93,1772099462.7291405,1,1
94,1772099462.7755327,1,1
95,1772099462.831499,1,1
96,1772099462.8815157,1,1
97,1772099462.9288633,1,1
98,1772099462.9751725,1,1
99,1772099463.0287237,1,1
100,1772099463.0787346,1,1
101,1772099463.1286736,1,1
102,1772099463.175214,1,1
103,1772099463.2255743,1,1
104,1772099463.278783,1,1
105,1772099463.3255997,1,1
106,1772099463.3755443,1,1
107,1772099463.4252162,1,1
108,1772099463.4787006,1,1
109,1772099463.5301795,1,1
110,1772099463.5755684,1,1
111,1772099463.6299188,1,1
112,1772099463.679028,1,1
113,1772099463.7264729,1,1
114,1772099463.775504,1,1
115,1772099463.8251774,1,1
116,1772099463.8771234,1,1
117,1772099463.9239707,1,1
118,1772099463.9755852,1,1
119,1772099464.0229044,1,1
120,1772099464.0753124,1,1
121,1772099464.1256301,1,1
122,1772099464.1751418,1,1
123,1772099464.2218847,1,1
124,1772099464.2755044,1,1
125,1772099464.325252,1,1
126,1772099464.375715,1,1
127,1772099464.4255726,1,1
128,1772099464.4751496,1,1
129,1772099464.5283844,1,1
130,1772099464.5788488,1,1
131,1772099464.6257632,1,1
132,1772099464.6779413,1,1
133,1772099464.7291284,1,1
134,1772099464.7755575,1,1
135,1772099464.8278873,1,1
136,1772099464.8721027,1,1
137,1772099464.9255438,1,1
138,1772099464.9761386,1,1
139,1772099465.0257478,1,1
140,1772099465.0751228,1,1
141,1772099465.1289272,1,1
142,1772099465.1787343,1,1
143,1772099465.2286959,1,1
144,1772099465.2751493,1,1
145,1772099465.328911,1,1
146,1772099465.3752153,1,1
147,1772099465.4213374,1,1
148,1772099465.4751406,1,1
149,1772099465.528109,1,1
150,1772099465.5887563,1,1
151,1772099465.6419325,1,1
152,1772099465.6939437,1,1
153,1772099465.7518785,1,1
154,1772099465.792201,1,1
155,1772099465.8480763,1,1
156,1772099465.8918383,1,1
157,1772099465.9463546,1,1
158,1772099465.9944723,1,1
159,1772099466.041828,1,1
160,1772099466.1003547,1,1
161,1772099466.14181,1,1
162,1772099466.192168,1,1
163,1772099466.2464325,1,1
164,1772099466.291759,1,1
165,1772099466.3441117,1,1
166,1772099466.3918047,1,1
167,1772099466.4418247,1,1
168,1772099466.4921024,1,1
169,1772099466.5491033,1,1
170,1772099466.5923293,1,1
171,1772099466.6421568,1,1
172,1772099466.6917508,1,1
173,1772099466.7422683,1,1
174,1772099466.834704,1,1
175,1772099466.883752,1,1
176,1772099466.9281027,1,1
177,1772099466.975111,1,1
178,1772099467.0250971,1,1
179,1772099467.075154,1,1
180,1772099467.12892,1,1
181,1772099467.1751602,1,1
182,1772099467.2220669,1,1
183,1772099467.276577,1,1
184,1772099467.3281891,1,1
185,1772099467.375072,1,1
186,1772099467.4252188,1,1
187,1772099467.4751022,1,1
188,1772099467.5381877,1,1
189,1772099467.5751314,1,1
190,1772099467.6308746,1,1
191,1772099467.6755426,1,1
192,1772099467.7302423,1,1
193,1772099467.7781043,1,1
194,1772099467.8224075,1,1
195,1772099467.8754334,1,1
196,1772099467.925689,1,1
197,1772099467.9780767,1,1
198,1772099468.0250442,1,1
199,1772099468.076113,1,1
200,1772099468.124766,1,1
201,1772099468.1751552,1,1
202,1772099468.226335,1,1
203,1772099468.275524,1,1
204,1772099468.3250532,1,1
205,1772099468.3755887,1,1
206,1772099468.4312384,1,1
207,1772099468.4791062,1,1
208,1772099468.5253787,1,1
209,1772099468.5788038,1,1
210,1772099468.6300328,1,1
211,1772099468.6780677,1,1
212,1772099468.725364,1,1
213,1772099468.775469,1,1
214,1772099468.8250616,1,1
215,1772099468.878842,1,1
216,1772099468.9254003,1,1
217,1772099468.9642394,1,0
218,1772099469.0081072,1,0
219,1772099469.0522966,1,0
220,1772099469.0916836,1,0
221,1772099469.1418366,1,0
222,1772099469.1928165,1,0
223,1772099469.2417302,1,0
224,1772099469.2952883,1,0
225,1772099469.3417578,1,0
226,1772099469.3910956,1,0
227,1772099469.4388063,1,0
228,1772099469.4935455,1,0
229,1772099469.5479665,1,0
230,1772099469.5956893,1,0
231,1772099469.642163,1,0
232,1772099469.694905,1,0
233,1772099469.7417216,1,0
234,1772099469.7940416,1,0
235,1772099469.8417542,1,0
236,1772099469.8942494,1,0
237,1772099469.9416935,1,0
238,1772099469.9820411,1,0
239,1772099470.0239606,1,0
240,1772099470.0781255,1,0
241,1772099470.1264968,1,0
242,1772099470.1754117,1,0
243,1772099470.2281,1,0
244,1772099470.2757812,1,0
245,1772099470.3278372,1,0
246,1772099470.3787355,1,0
247,1772099470.4218686,1,0
248,1772099470.4740767,1,0
249,1772099470.5255635,1,0
250,1772099470.5736902,1,0
251,1772099470.628039,1,0
252,1772099470.675075,1,0
253,1772099470.7254949,1,0
254,1772099470.7750037,1,0
255,1772099470.8250022,1,0
256,1772099470.8755,1,0
257,1772099470.928126,1,0
258,1772099470.9862983,1,0
259,1772099471.0252078,1,0
260,1772099471.0751302,1,0
261,1772099471.1250677,1,0
262,1772099471.1753914,1,0
263,1772099471.2298727,1,0
264,1772099471.2790587,1,0
265,1772099471.32498,1,0
266,1772099471.3754165,1,0
267,1772099471.4280553,1,0
268,1772099471.4750016,1,0
269,1772099471.5287242,1,0
270,1772099471.5751019,1,0
271,1772099471.6320276,1,0
272,1772099471.6780891,1,0
273,1772099471.7290826,1,0
274,1772099471.7788167,1,0
275,1772099471.8261979,1,0
276,1772099471.878055,1,0
277,1772099471.929775,1,0
278,1772099471.9781928,1,0
279,1772099472.0291214,1,0
280,1772099472.0753813,1,0
281,1772099472.129043,1,0
282,1772099472.1732733,1,0
283,1772099472.2280288,1,0
284,1772099472.2749507,1,0
285,1772099472.3254075,1,0
286,1772099472.3779902,1,0
287,1772099472.4237409,1,0
288,1772099472.475221,1,0
289,1772099472.522726,1,0
290,1772099472.5750127,1,0
291,1772099472.630185,1,0
292,1772099472.675429,1,0
293,1772099472.7251668,1,0
294,1772099472.775374,1,0,0.5303360819816589,1.0416350364685059,-0.04138563945889473,0.5333215594291687,1.111992359161377,-0.0618271566927433,0.3282160758972168,1.1431622505187988,-2.717036977628595e-07,0.46095430850982666,0.9151272177696228,-0.011639592237770557,0.36246275901794434,0.9574085474014282,-0.05660166218876839
295,1772099472.8298526,1,0,0.5343074798583984,1.0663042068481445,-0.06669435650110245,0.5384078025817871,1.126453161239624,-0.0971401035785675,0.32503020763397217,1.104803204536438,-2.838589097109434e-08,0.4628992974758148,0.9064335823059082,-0.032000139355659485,0.36436790227890015,0.9719592332839966,-0.07491380721330643
296,1772099472.8791218,1,0,0.4717039167881012,0.8064427971839905,-0.07646770030260086,0.4378843903541565,0.728972315788269,-0.12860006093978882,0.32300543785095215,0.9871459007263184,1.7933919593815517e-07,0.3725544810295105,0.7864901423454285,-0.04231072589755058,0.2820991575717926,0.8673624992370605,-0.08046698570251465
297,1772099472.9253392,1,0,0.45741429924964905,0.7749465107917786,-0.06954704225063324,0.424869179725647,0.6870318651199341,-0.10685551166534424,0.3082810342311859,0.953199028968811,3.696640646921878e-07,0.3593987822532654,0.752100944519043,-0.031569238752126694,0.2652890682220459,0.8310350775718689,-0.06499794870615005
298,1772099472.9749472,1,0,0.4455181658267975,0.7475844025611877,-0.07065656036138535,0.4135829210281372,0.6573501825332642,-0.10577107965946198,0.2994525730609894,0.9175567626953125,3.7516551287808397e-07,0.3506326675415039,0.7172492742538452,-0.031383998692035675,0.25160902738571167,0.7893614768981934,-0.06340355426073074
299,1772099473.0219538,1,0,0.43599820137023926,0.7172731161117554,-0.0651869997382164,0.39916497468948364,0.6172878742218018,-0.09435700625181198,0.28192219138145447,0.8902509212493896,3.680873987832456e-07,0.34225064516067505,0.6875339150428772,-0.02459900639951229,0.24124374985694885,0.7466002702713013,-0.051820605993270874
300,1772099473.0780435,1,0,0.40953919291496277,0.6394659876823425,-0.051801495254039764,0.36469554901123047,0.5197012424468994,-0.06492625921964645,0.24899941682815552,0.8334363102912903,4.641514124159585e-07,0.3220873773097992,0.6230050325393677,-0.008423992432653904,0.21889525651931763,0.6769577264785767,-0.034439291805028915
301,1772099473.1242235,1,0,0.40449202060699463,0.6112256050109863,-0.05429874733090401,0.344626247882843,0.48777756094932556,-0.06784878671169281,0.2429789900779724,0.7974139451980591,3.3586726999601524e-07,0.3118433952331543,0.5983323454856873,-0.013174101710319519,0.21157675981521606,0.6464477181434631,-0.03442956134676933
302,1772099473.1787672,1,0,0.3961564600467682,0.5890060663223267,-0.04466298222541809,0.343144029378891,0.46597570180892944,-0.045500580221414566,0.2323729693889618,0.7720024585723877,3.2251662673843384e-07,0.30390748381614685,0.5753570795059204,-0.001432671444490552,0.2020622044801712,0.6195434927940369,-0.0218155849725008
303,1772099473.2240705,1,0,0.377176970243454,0.5474039912223816,-0.04013544321060181,0.3295123875141144,0.4079623818397522,-0.037418022751808167,0.2149217128753662,0.7297440767288208,5.049969331594184e-07,0.28399428725242615,0.5278095006942749,0.003522630315274,0.181840717792511,0.5582004189491272,-0.016609424725174904
304,1772099473.2766035,1,0,0.3670254945755005,0.5292307734489441,-0.04691401869058609,0.31980228424072266,0.3874531090259552,-0.04888371750712395,0.20652976632118225,0.697805643081665,4.620699201041134e-07,0.2749575972557068,0.5019702911376953,-0.004636774305254221,0.17145563662052155,0.5345739126205444,-0.024012692272663116
305,1772099473.3288252,1,0,0.3580756187438965,0.5103579163551331,-0.04510732740163803,0.31235039234161377,0.3611357808113098,-0.048536788672208786,0.19843004643917084,0.677376389503479,4.3153269757567614e-07,0.2703085243701935,0.4831881523132324,-0.004849220626056194,0.16276025772094727,0.5042062997817993,-0.02166961506009102
306,1772099473.3749719,1,0,0.3499996066093445,0.48563170433044434,-0.04453795775771141,0.30464914441108704,0.3375771641731262,-0.04446226730942726,0.19106543064117432,0.6562162637710571,4.4945051058675745e-07,0.264863520860672,0.46341472864151,-0.004644488915801048,0.15639516711235046,0.47863876819610596,-0.017979152500629425
307,1772099473.4251535,1,0,0.33961769938468933,0.4320780634880066,-0.04126123711466789,0.2918950915336609,0.28368768095970154,-0.03696475550532341,0.17439165711402893,0.6076012849807739,4.925412326883816e-07,0.25188419222831726,0.41118860244750977,0.0010004960931837559,0.14433073997497559,0.42580705881118774,-0.011417420580983162
308,1772099473.4749773,1,0,0.32926326990127563,0.4162852168083191,-0.03719381242990494,0.2819855213165283,0.26543307304382324,-0.0361361987888813,0.1689233034849167,0.5829235911369324,3.882086332396284e-07,0.24761728942394257,0.3951466977596283,-0.0017418653005734086,0.14218592643737793,0.39834365248680115,-0.012143410742282867
309,1772099473.5300956,1,0,0.3261699676513672,0.39949652552604675,-0.0381009578704834,0.2775691747665405,0.24887198209762573,-0.04038942605257034,0.16423353552818298,0.5683925151824951,3.846874392365862e-07,0.24229153990745544,0.3808736205101013,-0.0034145063254982233,0.13360536098480225,0.38853156566619873,-0.016743531450629234
310,1772099473.5791225,1,0,0.3192095160484314,0.3846016824245453,-0.03840554878115654,0.267683207988739,0.23114240169525146,-0.038147687911987305,0.1582636833190918,0.5525301098823547,3.8531666746166593e-07,0.2370728999376297,0.3652688264846802,-0.0028903903439641,0.12852567434310913,0.37343207001686096,-0.013607342727482319
311,1772099473.62792,1,0,0.31310468912124634,0.37141963839530945,-0.04185326769948006,0.261961966753006,0.21758441627025604,-0.041754961013793945,0.1526901125907898,0.5358478426933289,3.767440546198486e-07,0.23190252482891083,0.35260429978370667,-0.004597156308591366,0.12385021895170212,0.35903260111808777,-0.015178135596215725
312,1772099473.6788476,1,0,0.3075532615184784,0.35863199830055237,-0.041626788675785065,0.25747427344322205,0.20496170222759247,-0.04251854494214058,0.145868182182312,0.5227729082107544,3.801484922405507e-07,0.22583895921707153,0.3413996398448944,-0.0060913702473044395,0.11763062328100204,0.3485737442970276,-0.015928570181131363
313,1772099473.724969,1,0,0.29546934366226196,0.31342101097106934,-0.04522917792201042,0.24549607932567596,0.16199991106987,-0.05104680359363556,0.1386408507823944,0.4824979305267334,4.4531475396070164e-07,0.2147487848997116,0.2987441122531891,-0.009512711316347122,0.10486583411693573,0.31061655282974243,-0.020167937502264977
314,1772099473.778712,1,0,0.29563137888908386,0.3057630658149719,-0.04333839192986488,0.24210961163043976,0.15246745944023132,-0.0464542992413044,0.134884774684906,0.4735432267189026,3.784520004046499e-07,0.21202482283115387,0.2918614149093628,-0.007453605532646179,0.10454409569501877,0.2998289465904236,-0.01615961454808712
315,1772099473.8250628,1,0,0.29688796401023865,0.3020102381706238,-0.04363913834095001,0.24314388632774353,0.14825116097927094,-0.04675789549946785,0.1376792937517166,0.46734026074409485,3.7751192394352984e-07,0.2139725387096405,0.2857818603515625,-0.008370236493647099,0.10659036040306091,0.293301522731781,-0.016000879928469658
316,1772099473.8750784,1,0,0.2960207760334015,0.3000841736793518,-0.04440753161907196,0.24505409598350525,0.14739419519901276,-0.047366898506879807,0.13927330076694489,0.4658203125,3.722731491961895e-07,0.21550612151622772,0.28478631377220154,-0.008820137940347195,0.10850153863430023,0.29236704111099243,-0.01515832170844078
317,1772099473.9295907,1,0,0.29578739404678345,0.3007257580757141,-0.042381417006254196,0.24506616592407227,0.15010729432106018,-0.04412703588604927,0.13932175934314728,0.4658762514591217,3.566130715171312e-07,0.2157256305217743,0.2877035140991211,-0.007080821320414543,0.110203318297863,0.2936480939388275,-0.013006925582885742
318,1772099473.9749286,1,0,0.2957451343536377,0.3058914244174957,-0.04139604791998863,0.24563559889793396,0.1554182469844818,-0.04482658952474594,0.14238229393959045,0.47016167640686035,3.470864555765729e-07,0.21564489603042603,0.29189810156822205,-0.007792008575052023,0.11031979322433472,0.30119404196739197,-0.014805343933403492
319,1772099474.025665,1,0,0.29553115367889404,0.3252144455909729,-0.051129300147295,0.24366618692874908,0.17637169361114502,-0.055531345307826996,0.14385290443897247,0.48897525668144226,3.150543363972247e-07,0.21563425660133362,0.3097834289073944,-0.012017589993774891,0.10990967601537704,0.3211878538131714,-0.01894870214164257
320,1772099474.0789783,1,0,0.2922406494617462,0.3272266387939453,-0.04727015271782875,0.2421640306711197,0.17612257599830627,-0.04661337286233902,0.13788267970085144,0.4883445203304291,3.6551639936988067e-07,0.2134675681591034,0.3100060820579529,-0.008810559287667274,0.10854315012693405,0.31757164001464844,-0.013914061710238457
321,1772099474.1255193,1,0,0.2927911877632141,0.32443827390670776,-0.043619681149721146,0.2407669723033905,0.17519281804561615,-0.04608818143606186,0.1386607140302658,0.48843926191329956,3.5167141732017626e-07,0.21267452836036682,0.30937933921813965,-0.00743815628811717,0.10692235082387924,0.31906506419181824,-0.014604606665670872
322,1772099474.17529,1,0,0.2921770215034485,0.32170629501342773,-0.04296787828207016,0.23888927698135376,0.172402024269104,-0.045415084809064865,0.1375073492527008,0.4887704849243164,3.622749886744714e-07,0.2110902965068817,0.30874818563461304,-0.0075673856772482395,0.10525845736265182,0.3193509578704834,-0.015130306594073772
323,1772099474.2253838,1,0,0.2903340458869934,0.3195364475250244,-0.042012304067611694,0.23681631684303284,0.1698615550994873,-0.04404313489794731,0.13507571816444397,0.48727431893348694,3.702692481510894e-07,0.20932431519031525,0.3071209192276001,-0.006732197944074869,0.1030619814991951,0.3165344297885895,-0.013995617628097534
324,1772099474.2754078,1,0,0.2891315817832947,0.31807222962379456,-0.04216337203979492,0.23447048664093018,0.1677299290895462,-0.04466225951910019,0.13351261615753174,0.48753756284713745,3.6370695966070343e-07,0.20789103209972382,0.3062044680118561,-0.007059476803988218,0.10141988098621368,0.31552854180336,-0.014629386365413666
325,1772099474.3251867,1,0,0.28727439045906067,0.3212883770465851,-0.0458616279065609,0.2329210489988327,0.16895635426044464,-0.04939355328679085,0.13211552798748016,0.48855292797088623,3.541478292845568e-07,0.2056856006383896,0.30698397755622864,-0.009317738004028797,0.09858109056949615,0.3177647292613983,-0.01698501966893673
326,1772099474.3749983,1,0,0.2876620292663574,0.32382792234420776,-0.04805881902575493,0.23374158143997192,0.17057359218597412,-0.05026973411440849,0.13329635560512543,0.48921263217926025,3.6441929296415765e-07,0.20638561248779297,0.3074241578578949,-0.010194357484579086,0.09968005120754242,0.3178797960281372,-0.016404185444116592
327,1772099474.4251568,1,0,0.2875173091888428,0.3268929123878479,-0.048575446009635925,0.23390400409698486,0.17164726555347443,-0.050221916288137436,0.13278800249099731,0.4901386797428131,3.595188218241674e-07,0.20682334899902344,0.3085781931877136,-0.01052512414753437,0.10027312487363815,0.31848567724227905,-0.016051366925239563
328,1772099474.473001,1,0,0.2875211238861084,0.3277152180671692,-0.048515744507312775,0.23443667590618134,0.17302392423152924,-0.05026300251483917,0.13259828090667725,0.49176454544067383,3.586027048640972e-07,0.2068050652742386,0.3100469708442688,-0.010461908765137196,0.09988721460103989,0.3206356465816498,-0.016482243314385414
329,1772099474.5302277,1,0,0.2884218394756317,0.32825666666030884,-0.04895284026861191,0.23433682322502136,0.17363965511322021,-0.05012861266732216,0.13238564133644104,0.49259912967681885,3.6063519814888423e-07,0.20643632113933563,0.31033435463905334,-0.010222855024039745,0.1000642329454422,0.32076507806777954,-0.016222849488258362
330,1772099474.575655,1,0,0.28776103258132935,0.3289785087108612,-0.04993639513850212,0.23408210277557373,0.17380930483341217,-0.05026732385158539,0.13220657408237457,0.49316856265068054,3.678648567984055e-07,0.2061464637517929,0.3107881247997284,-0.009790780022740364,0.09921526163816452,0.32202303409576416,-0.015662893652915955
331,1772099474.633102,1,0,0.2882726788520813,0.3377027213573456,-0.05604248866438866,0.2327936887741089,0.17720960080623627,-0.056107714772224426,0.13238751888275146,0.49946242570877075,3.6962219951419684e-07,0.2037922888994217,0.31595537066459656,-0.012905148789286613,0.0975566953420639,0.3306751251220703,-0.01892746426165104
332,1772099474.6753209,1,0,0.2868145704269409,0.3379763662815094,-0.052962902933359146,0.23199379444122314,0.1789661943912506,-0.05241347849369049,0.13140830397605896,0.5027815103530884,3.8113822142804565e-07,0.20354294776916504,0.31783705949783325,-0.01110744196921587,0.0971280187368393,0.3318081796169281,-0.017933428287506104
333,1772099474.724939,1,0,0.2865878939628601,0.34020838141441345,-0.051058508455753326,0.2310084104537964,0.18018248677253723,-0.050166841596364975,0.13107681274414062,0.5038775205612183,3.793598182255664e-07,0.2031317502260208,0.3184755742549896,-0.00976716447621584,0.09678853303194046,0.33241087198257446,-0.01660436950623989
334,1772099474.7687874,1,0,0.2875667214393616,0.342984676361084,-0.05451086908578873,0.23085378110408783,0.1816871017217636,-0.05424652248620987,0.1302652508020401,0.5059340000152588,3.8139435787343245e-07,0.2022939920425415,0.320624977350235,-0.011841489933431149,0.09549141675233841,0.33547118306159973,-0.01921462081372738
335,1772099474.8100917,1,0,0.28879135847091675,0.34550613164901733,-0.05127990245819092,0.23141372203826904,0.1830640733242035,-0.05032292753458023,0.12995147705078125,0.5083209872245789,3.8871115748406737e-07,0.20184326171875,0.32152214646339417,-0.009697516448795795,0.09493307769298553,0.33628398180007935,-0.017597727477550507
336,1772099474.85905,1,0,0.28877490758895874,0.3482964038848877,-0.050744690001010895,0.23049497604370117,0.1839153915643692,-0.05061217397451401,0.12861447036266327,0.5109117031097412,3.7984361256349075e-07,0.2014620304107666,0.3235071897506714,-0.010712970979511738,0.09448913484811783,0.3384537100791931,-0.018633462488651276
337,1772099474.9110346,1,0,0.28959909081459045,0.35128676891326904,-0.05119327828288078,0.23013907670974731,0.18463240563869476,-0.05012362450361252,0.12662369012832642,0.513413667678833,3.857640535898099e-07,0.2006315141916275,0.32482290267944336,-0.009885715320706367,0.09318187087774277,0.3391541838645935,-0.017512260004878044
338,1772099474.9588675,1,0,0.28868550062179565,0.3530566692352295,-0.05187305063009262,0.22890859842300415,0.18543994426727295,-0.05049101263284683,0.1251029521226883,0.5145244598388672,3.872009415317734e-07,0.20009057223796844,0.3262598514556885,-0.009800844825804234,0.0923861414194107,0.34060367941856384,-0.01776871643960476
339,1772099475.01074,1,0,0.28628671169281006,0.35262927412986755,-0.05431326478719711,0.22536425292491913,0.18801094591617584,-0.05441366881132126,0.12250904738903046,0.5175273418426514,3.8011191350051377e-07,0.19743286073207855,0.33072805404663086,-0.01217631995677948,0.08873438090085983,0.3439309597015381,-0.018476130440831184
340,1772099475.0590422,1,0,0.28575456142425537,0.35081857442855835,-0.04630842059850693,0.22350478172302246,0.1883317232131958,-0.046483114361763,0.12229509651660919,0.5174868702888489,3.87367322218779e-07,0.19737274944782257,0.3296598494052887,-0.007860295474529266,0.08800020068883896,0.34255629777908325,-0.015616700053215027
341,1772099475.110241,1,0,0.2859208285808563,0.35090550780296326,-0.04834996908903122,0.2235119342803955,0.1885281503200531,-0.04953235015273094,0.12268766760826111,0.5169002413749695,3.7695312471441866e-07,0.19757767021656036,0.3292936384677887,-0.009221806190907955,0.08828897774219513,0.3426169753074646,-0.017389660701155663
342,1772099475.180103,1,0,0.2859998941421509,0.3507724404335022,-0.048763033002614975,0.22355987131595612,0.188627228140831,-0.04949984326958656,0.12327197194099426,0.5171328783035278,3.7945238773318124e-07,0.19770726561546326,0.3291967511177063,-0.009233634918928146,0.08870693296194077,0.34254002571105957,-0.017247667536139488
343,1772099475.2306674,1,0,0.2867807149887085,0.35111063718795776,-0.04735522344708443,0.22521857917308807,0.18958118557929993,-0.046756695955991745,0.12284199148416519,0.5169788599014282,3.8258437484728347e-07,0.19791559875011444,0.32956621050834656,-0.007669553626328707,0.0892455130815506,0.3426322937011719,-0.015933018177747726
344,1772099475.2786932,1,0,0.2914768159389496,0.356566846370697,-0.05038018897175789,0.23187457025051117,0.19368687272071838,-0.051672179251909256,0.12939052283763885,0.5211977362632751,3.723142754097353e-07,0.20373274385929108,0.33370810747146606,-0.009688220918178558,0.09446506947278976,0.3491229712963104,-0.01755559630692005
345,1772099475.3249195,1,0,0.29270273447036743,0.35449492931365967,-0.04670830816030502,0.23315034806728363,0.192365825176239,-0.04553549736738205,0.12579162418842316,0.5206888914108276,3.895264342190785e-07,0.20348399877548218,0.33264389634132385,-0.0066765472292900085,0.09365812689065933,0.3466012477874756,-0.014606332406401634
346,1772099475.3789923,1,0,0.2934967875480652,0.3556983172893524,-0.049763262271881104,0.23248472809791565,0.19215257465839386,-0.0493270568549633,0.12478896975517273,0.5202723741531372,3.7986418988111836e-07,0.20345692336559296,0.3326185941696167,-0.008564751595258713,0.0930204689502716,0.34430769085884094,-0.014351903460919857
347,1772099475.4250314,1,0,0.2932738959789276,0.355280339717865,-0.050324708223342896,0.2329445332288742,0.192299023270607,-0.05061934515833855,0.12502610683441162,0.5199265480041504,3.7775518535454466e-07,0.20356279611587524,0.33295688033103943,-0.00935429334640503,0.09300702810287476,0.3444738984107971,-0.015067889355123043
348,1772099475.4781058,1,0,0.29987001419067383,0.3755045533180237,-0.06699545681476593,0.23427081108093262,0.17915739119052887,-0.05776897445321083,0.12095996737480164,0.5206514596939087,3.814496380982746e-07,0.2034052610397339,0.33595651388168335,-0.014900700189173222,0.09340879321098328,0.3389833867549896,-0.009329506196081638
349,1772099475.524916,1,0,0.3013317584991455,0.3806622326374054,-0.06981217116117477,0.23510678112506866,0.17727170884609222,-0.060701727867126465,0.11888826638460159,0.5234158039093018,3.6323731933407544e-07,0.20204898715019226,0.337360143661499,-0.015230128541588783,0.09114856272935867,0.34176936745643616,-0.010415531694889069
350,1772099475.5751796,1,0,0.30191975831985474,0.3884267807006836,-0.06958956271409988,0.2345893681049347,0.17736908793449402,-0.05960843339562416,0.11458569765090942,0.5247910618782043,3.438654800902441e-07,0.20020882785320282,0.3392571210861206,-0.01463639922440052,0.08889931440353394,0.34208545088768005,-0.00935935415327549
351,1772099475.6290364,1,0,0.30280280113220215,0.4050370752811432,-0.07651311159133911,0.23448023200035095,0.17770333588123322,-0.06519673764705658,0.10919387638568878,0.5249718427658081,3.5078090832030284e-07,0.1968388706445694,0.34143152832984924,-0.01880459114909172,0.08458636701107025,0.34328651428222656,-0.011704265139997005
352,1772099475.6754298,1,0,0.30190616846084595,0.4115704298019409,-0.0774715468287468,0.23210939764976501,0.17642544209957123,-0.0670667439699173,0.10598161816596985,0.5250604152679443,3.0430453534791013e-07,0.1949252337217331,0.33949923515319824,-0.01937245950102806,0.08196192234754562,0.3424006402492523,-0.014962711371481419
353,1772099475.7252629,1,0,0.30137190222740173,0.4105912148952484,-0.07639814168214798,0.2324926257133484,0.17636379599571228,-0.0658419206738472,0.10496173799037933,0.525792121887207,2.8660559792115237e-07,0.1942460834980011,0.33755746483802795,-0.018214212730526924,0.08164820820093155,0.34141284227371216,-0.012504572048783302
354,1772099475.7749374,1,0,0.3000108599662781,0.41507095098495483,-0.07643171399831772,0.23000064492225647,0.17579348385334015,-0.06372520327568054,0.10254023224115372,0.5277068614959717,2.88853470920003e-07,0.19249500334262848,0.33800676465034485,-0.016525069251656532,0.07909446209669113,0.3422282338142395,-0.011355900205671787
355,1772099475.8210323,1,0,0.300542950630188,0.42861640453338623,-0.08029014617204666,0.22866947948932648,0.17663609981536865,-0.06952367722988129,0.09932168573141098,0.5272946953773499,2.7747583430937084e-07,0.19012363255023956,0.33939722180366516,-0.019780730828642845,0.07593652606010437,0.342176228761673,-0.01639619469642639
356,1772099475.8756905,1,0,0.30150699615478516,0.43166545033454895,-0.08182547241449356,0.22974607348442078,0.17666475474834442,-0.06740045547485352,0.09883955866098404,0.5267595052719116,2.768906313121988e-07,0.19006866216659546,0.3386344909667969,-0.018200470134615898,0.07651206851005554,0.3407093584537506,-0.013841596432030201
357,1772099475.9258125,1,0,0.3012874722480774,0.43366727232933044,-0.0797991082072258,0.230027973651886,0.17582863569259644,-0.0641908198595047,0.09772107750177383,0.5263186097145081,2.6552075382824114e-07,0.19002249836921692,0.3380644917488098,-0.016068775206804276,0.07587994635105133,0.33832481503486633,-0.011948901228606701
358,1772099475.978139,1,0,0.3016546964645386,0.4346376061439514,-0.07525595277547836,0.2304561734199524,0.17557884752750397,-0.058361683040857315,0.0972544252872467,0.5256832242012024,2.4210166316152026e-07,0.1898254156112671,0.3373687267303467,-0.012016097083687782,0.07493844628334045,0.33305516839027405,-0.0070761991664767265
359,1772099476.0252905,1,0,0.3017905354499817,0.43584173917770386,-0.0720251128077507,0.23026055097579956,0.17425142228603363,-0.05037412792444229,0.09761244803667068,0.5237014293670654,2.2290259948931634e-07,0.19026806950569153,0.3360704183578491,-0.006624960340559483,0.07409615814685822,0.330142617225647,-0.0026323343627154827
360,1772099476.0789633,1,0,0.30078980326652527,0.43755653500556946,-0.07050459831953049,0.22939607501029968,0.1728753298521042,-0.05108557268977165,0.09663275629281998,0.5233861804008484,1.8030492299203615e-07,0.19044022262096405,0.336838960647583,-0.00786924920976162,0.07323670387268066,0.3340698778629303,-0.005333809182047844
361,1772099476.1257641,1,0,0.29753196239471436,0.44960811734199524,-0.06697256863117218,0.21476717293262482,0.1732286661863327,-0.0394272655248642,0.08669962733983994,0.5287032127380371,7.168277704749926e-08,0.18596811592578888,0.3393499255180359,-0.004501611925661564,0.06367769837379456,0.3356553912162781,-0.009959127753973007
362,1772099476.1791587,1,0,0.299896240234375,0.454263299703598,-0.08709336817264557,0.21074077486991882,0.1703178584575653,-0.0632842406630516,0.08534693717956543,0.5268468260765076,1.0665267069498441e-07,0.18584555387496948,0.33961597084999084,-0.020343244075775146,0.06127430498600006,0.334463894367218,-0.019855208694934845
363,1772099476.2251728,1,0,0.2977004051208496,0.4578232169151306,-0.09376907348632812,0.2058556079864502,0.1696803867816925,-0.07653231173753738,0.08633869886398315,0.5339348912239075,1.0394752791853534e-07,0.18307867646217346,0.3425632417201996,-0.027511660009622574,0.059951744973659515,0.34474363923072815,-0.022216690704226494
364,1772099476.2758048,1,0,0.29603779315948486,0.461332768201828,-0.09074889868497849,0.20356693863868713,0.16952009499073029,-0.07326741516590118,0.08630635589361191,0.5358277559280396,1.1335365712739076e-07,0.18262410163879395,0.3431129455566406,-0.02590455859899521,0.05993841588497162,0.35205304622650146,-0.02117123082280159
365,1772099476.327868,1,0,0.2959693670272827,0.46397650241851807,-0.09329110383987427,0.20329608023166656,0.169438436627388,-0.07843118906021118,0.08605951815843582,0.533587634563446,1.3391857578426425e-07,0.1811876744031906,0.3440970778465271,-0.028133898973464966,0.06013856083154678,0.35420867800712585,-0.021492285653948784
366,1772099476.3787599,1,0,0.2961248755455017,0.46594637632369995,-0.09666196256875992,0.20213159918785095,0.16734947264194489,-0.08161591738462448,0.08746901154518127,0.5348703861236572,1.5228795291477581e-07,0.18167176842689514,0.34384962916374207,-0.03004392236471176,0.0603715181350708,0.3552103340625763,-0.02067679725587368
367,1772099476.42906,1,0,0.30786991119384766,0.47557640075683594,-0.09501980245113373,0.2102445513010025,0.1696108877658844,-0.07673991471529007,0.09154024720191956,0.534079372882843,1.3427965939172282e-07,0.1874144822359085,0.3470774292945862,-0.028008397668600082,0.0685960203409195,0.3588325083255768,-0.022050492465496063
368,1772099476.4756305,1,0,0.3067002296447754,0.46966463327407837,-0.101056769490242,0.20971229672431946,0.17188890278339386,-0.08496420830488205,0.09184080362319946,0.5346229076385498,1.299472955906822e-07,0.18935289978981018,0.34763795137405396,-0.03170043230056763,0.06915485113859177,0.3558928072452545,-0.024323830381035805
369,1772099476.5300252,1,0,0.30646663904190063,0.4712468087673187,-0.10209008306264877,0.21083790063858032,0.17142656445503235,-0.08422843366861343,0.09283489733934402,0.5352442264556885,1.4696614414333453e-07,0.18954585492610931,0.34791138768196106,-0.03152070194482803,0.06942680478096008,0.3565860986709595,-0.023285789415240288
370,1772099476.5756392,1,0,0.3061142563819885,0.47092682123184204,-0.09977484494447708,0.21315106749534607,0.17158454656600952,-0.08085121959447861,0.09197303652763367,0.53559809923172,1.4809624815370626e-07,0.18917880952358246,0.349716454744339,-0.029979156330227852,0.0690438523888588,0.3571283519268036,-0.02221762202680111
371,1772099476.6283536,1,0,0.3060798943042755,0.4729994237422943,-0.10193169116973877,0.2139890491962433,0.1726665198802948,-0.08405113965272903,0.09169183671474457,0.5366677641868591,1.5894394778115384e-07,0.1887933611869812,0.35039854049682617,-0.031736716628074646,0.06862428039312363,0.35827964544296265,-0.022742556408047676
372,1772099476.6752577,1,0,0.3049846589565277,0.47355037927627563,-0.10144663602113724,0.21351154148578644,0.1736375093460083,-0.0838102325797081,0.09094362705945969,0.5384591817855835,1.5588491919515945e-07,0.1882033795118332,0.35157307982444763,-0.03149714693427086,0.06779405474662781,0.3588545620441437,-0.022863835096359253
373,1772099476.7280347,1,0,0.30359014868736267,0.47972142696380615,-0.10298603028059006,0.21378858387470245,0.17579752206802368,-0.08659449219703674,0.08811430633068085,0.5414590835571289,1.4885954158216919e-07,0.18652518093585968,0.3550952076911926,-0.0336783230304718,0.06602678447961807,0.3612496256828308,-0.024980999529361725
374,1772099476.7754653,1,0,0.3046973943710327,0.4834865629673004,-0.10304054617881775,0.2129124104976654,0.17725254595279694,-0.08577486872673035,0.08856683224439621,0.5438357591629028,1.6895936028049618e-07,0.1869177669286728,0.355376273393631,-0.03298760578036308,0.06566387414932251,0.3614896237850189,-0.02337995357811451
375,1772099476.8249536,1,0,0.3023674488067627,0.48037099838256836,-0.10268234461545944,0.2126501500606537,0.17784801125526428,-0.08542560786008835,0.08820320665836334,0.54463130235672,1.5736947034383775e-07,0.18638603389263153,0.35677963495254517,-0.03296284377574921,0.0654108002781868,0.3619648218154907,-0.023988893255591393
376,1772099476.875485,1,0,0.30302518606185913,0.48335015773773193,-0.09937184303998947,0.21214163303375244,0.17885714769363403,-0.08159133791923523,0.08821265399456024,0.5447252988815308,1.570085004232169e-07,0.1858251839876175,0.35689881443977356,-0.030816184356808662,0.06511420756578445,0.36310502886772156,-0.023269524797797203
377,1772099476.9271836,1,0,0.302151620388031,0.48049265146255493,-0.10250431299209595,0.21197667717933655,0.17861583828926086,-0.08574027568101883,0.08726305514574051,0.5452103614807129,1.5231219663291995e-07,0.18494342267513275,0.35868650674819946,-0.033087559044361115,0.06449688971042633,0.36407652497291565,-0.024039609357714653
378,1772099476.9752483,1,0,0.3020637035369873,0.4834314286708832,-0.1028338298201561,0.20997655391693115,0.17873677611351013,-0.08775817602872849,0.08679981529712677,0.54438316822052,1.5901447625310539e-07,0.18409514427185059,0.35862451791763306,-0.03373926877975464,0.0640457347035408,0.364308625459671,-0.02397307939827442
379,1772099477.024851,1,0,0.3014029860496521,0.4824768602848053,-0.1044686883687973,0.20924295485019684,0.17871196568012238,-0.08865782618522644,0.0860767737030983,0.5447617769241333,1.6192248608604132e-07,0.18322771787643433,0.3587113618850708,-0.034450117498636246,0.06331934034824371,0.3637382388114929,-0.024371309205889702
380,1772099477.074854,1,0,0.30077672004699707,0.4809904396533966,-0.10895779728889465,0.207235649228096,0.17804951965808868,-0.09312544763088226,0.08502883464097977,0.5453008413314819,1.689758306611111e-07,0.18265560269355774,0.358671098947525,-0.037048548460006714,0.06169665604829788,0.3642093539237976,-0.024456406012177467
381,1772099477.1248393,1,0,0.3000391721725464,0.48037004470825195,-0.10696136951446533,0.20775388181209564,0.17842908203601837,-0.09326059371232986,0.08576320856809616,0.5460526943206787,1.5922231000331521e-07,0.18297460675239563,0.3587140738964081,-0.03705189749598503,0.061790965497493744,0.36529219150543213,-0.02555852010846138
382,1772099477.175531,1,0,0.29889583587646484,0.47841593623161316,-0.10660762339830399,0.20807427167892456,0.17819048464298248,-0.09329653531312943,0.08633068948984146,0.5456695556640625,1.5459629310043965e-07,0.1829218864440918,0.359002023935318,-0.03776607662439346,0.061697252094745636,0.36532893776893616,-0.02587757632136345
383,1772099477.2243397,1,0,0.298807293176651,0.47784823179244995,-0.10289955139160156,0.2084144502878189,0.1785612553358078,-0.09044884890317917,0.08600900322198868,0.5459455251693726,1.46765131603388e-07,0.18256433308124542,0.35883569717407227,-0.03625449165701866,0.06155490130186081,0.3657173216342926,-0.02535894326865673
384,1772099477.2749832,1,0,0.2979934811592102,0.4763716459274292,-0.10120963305234909,0.2076040804386139,0.1778244525194168,-0.08922284841537476,0.0862981528043747,0.5464013814926147,1.382312433406696e-07,0.18238285183906555,0.35905781388282776,-0.035533834248781204,0.061350151896476746,0.36636725068092346,-0.02566014975309372
385,1772099477.3238397,1,0,0.29642874002456665,0.47375988960266113,-0.09809722006320953,0.20766866207122803,0.17775903642177582,-0.0878554955124855,0.0859946608543396,0.5453428030014038,1.266403586441811e-07,0.18188759684562683,0.35911354422569275,-0.03500661998987198,0.06143458932638168,0.3661179542541504,-0.025763509795069695
386,1772099477.373708,1,0,0.2969833016395569,0.4726331830024719,-0.09840176999568939,0.20735330879688263,0.17785221338272095,-0.08842004090547562,0.08576513081789017,0.5449821949005127,1.3065604775874817e-07,0.18176120519638062,0.35876983404159546,-0.034776125103235245,0.060926876962184906,0.36610332131385803,-0.025260284543037415
387,1772099477.424142,1,0,0.2942503094673157,0.4669525623321533,-0.09771358221769333,0.20644688606262207,0.1773872673511505,-0.08812913298606873,0.08548504114151001,0.5445032119750977,1.1401176180925177e-07,0.18176360428333282,0.3585970103740692,-0.03501151502132416,0.061237819492816925,0.3652442693710327,-0.025987109169363976
388,1772099477.4751725,1,0,0.2939150929450989,0.4677635431289673,-0.09828055649995804,0.20695608854293823,0.1776307225227356,-0.08710365742444992,0.08540334552526474,0.5426422357559204,1.2156836248777836e-07,0.1821117401123047,0.3575823903083801,-0.03371696546673775,0.06167283654212952,0.3654809892177582,-0.02435273863375187
389,1772099477.524039,1,0,0.2938503623008728,0.4673464000225067,-0.0978890135884285,0.20672112703323364,0.17731542885303497,-0.08747874945402145,0.0856306254863739,0.542267918586731,1.212562779073778e-07,0.18253423273563385,0.3569750487804413,-0.03380170464515686,0.06186440587043762,0.36431387066841125,-0.02395913191139698
390,1772099477.575174,1,0,0.2938084900379181,0.4672897458076477,-0.09647368639707565,0.20683981478214264,0.17699488997459412,-0.08642487227916718,0.08633725345134735,0.5424526929855347,1.1540744537796854e-07,0.1828909069299698,0.3566904366016388,-0.03294280171394348,0.061837419867515564,0.36468321084976196,-0.024061772972345352
391,1772099477.6288161,1,0,0.29437923431396484,0.46621233224868774,-0.09813766181468964,0.20674099028110504,0.17648187279701233,-0.0893915444612503,0.0859341099858284,0.5421332716941833,1.1031023205987367e-07,0.1829407513141632,0.357322096824646,-0.03459455072879791,0.06217324733734131,0.3645656704902649,-0.02486543543636799
392,1772099477.678832,1,0,0.29397186636924744,0.4669761061668396,-0.09620960801839828,0.2068033218383789,0.17690277099609375,-0.08675016462802887,0.08670984208583832,0.5421581268310547,1.1078485329107934e-07,0.18321305513381958,0.3571140468120575,-0.032839786261320114,0.0624341145157814,0.3651418387889862,-0.024872416630387306
393,1772099477.7279134,1,0,0.2931780219078064,0.46306461095809937,-0.0988246500492096,0.20280280709266663,0.17432448267936707,-0.09132245928049088,0.08466082811355591,0.5415289402008057,1.1155497503523293e-07,0.18094797432422638,0.356878399848938,-0.03552576154470444,0.06122004985809326,0.3636365532875061,-0.024097437039017677
394,1772099477.7751534,1,0,0.29300570487976074,0.46413350105285645,-0.09624067693948746,0.20357508957386017,0.17557363212108612,-0.08706613630056381,0.08528010547161102,0.5409846901893616,1.1474410399614499e-07,0.18139587342739105,0.3564552068710327,-0.03301992267370224,0.061166487634181976,0.3639204204082489,-0.022926775738596916
395,1772099477.8159602,2,1,0.2930600047111511,0.46360307931900024,-0.09554318338632584,0.20380084216594696,0.17516887187957764,-0.08829444646835327,0.08469463139772415,0.5414254665374756,1.0680297179987974e-07,0.18131694197654724,0.3567892014980316,-0.03348851203918457,0.06087729334831238,0.36422839760780334,-0.02360835112631321
396,1772099477.858817,2,1,0.2931448817253113,0.4634671211242676,-0.09549928456544876,0.20325708389282227,0.1744377762079239,-0.08805879950523376,0.08451829105615616,0.5420859456062317,1.0369954139832771e-07,0.18160466849803925,0.35649096965789795,-0.03321875259280205,0.06053730100393295,0.3643908202648163,-0.02336965873837471
397,1772099477.9123023,2,1,0.29426541924476624,0.45642200112342834,-0.09982191026210785,0.20118799805641174,0.1724584400653839,-0.08977635949850082,0.08442752808332443,0.5404500961303711,1.1248304332411863e-07,0.18079565465450287,0.3545503318309784,-0.034675583243370056,0.059979669749736786,0.36183878779411316,-0.0240104328840971
398,1772099477.9590735,2,1,0.2938033938407898,0.45477983355522156,-0.0975320041179657,0.20229610800743103,0.17255160212516785,-0.08703010529279709,0.08509847521781921,0.5398666858673096,1.0503622860369433e-07,0.18097643554210663,0.3551830053329468,-0.033337537199258804,0.060176998376846313,0.3632652163505554,-0.023603372275829315
399,1772099478.0206769,2,1,0.2939869463443756,0.4547526240348816,-0.09955310076475143,0.20240963995456696,0.17245128750801086,-0.08942744880914688,0.08560674637556076,0.539327085018158,1.1154646983868588e-07,0.18113555014133453,0.3540494441986084,-0.03429759293794632,0.060114264488220215,0.36257871985435486,-0.023653604090213776
400,1772099478.0778751,2,1,0.2938266098499298,0.45527517795562744,-0.09837688505649567,0.2022012174129486,0.17207054793834686,-0.08910994231700897,0.08554723113775253,0.5392842292785645,1.0813012352173246e-07,0.18096484243869781,0.35418301820755005,-0.0339508056640625,0.05995587259531021,0.3627263903617859,-0.023599840700626373
401,1772099478.125273,2,1,0.29367196559906006,0.4548591077327728,-0.09931869059801102,0.20237718522548676,0.1721792370080948,-0.08979007601737976,0.08556956052780151,0.5396665334701538,1.0963476171355069e-07,0.1809234321117401,0.3544204831123352,-0.03470926359295845,0.06033431738615036,0.3623499870300293,-0.023591188713908195
402,1772099478.1737792,2,1,0.2933412790298462,0.4548654854297638,-0.09818010032176971,0.202531099319458,0.1727757602930069,-0.08798465877771378,0.0864785686135292,0.5397497415542603,1.1113360898207247e-07,0.18074114620685577,0.3549022078514099,-0.03353008255362511,0.060372427105903625,0.3635029196739197,-0.024088766425848007
403,1772099478.225516,2,1,0.2922515869140625,0.4479561746120453,-0.09655849635601044,0.19787156581878662,0.1710997223854065,-0.0868341326713562,0.08398536592721939,0.5377645492553711,1.071817194997493e-07,0.17821255326271057,0.35307577252388,-0.032909292727708817,0.05926590412855148,0.3607965409755707,-0.022533811628818512
404,1772099478.2791395,2,1,0.2923567295074463,0.4466085433959961,-0.09751270711421967,0.19790111482143402,0.16991230845451355,-0.08858546614646912,0.08376497775316238,0.5347189903259277,1.0919740844883563e-07,0.17771373689174652,0.3516659736633301,-0.033425264060497284,0.058961138129234314,0.3602520227432251,-0.023777147755026817
405,1772099478.3248723,2,1,0.29245051741600037,0.4451610743999481,-0.09619538486003876,0.19853174686431885,0.16891111433506012,-0.08849973231554031,0.08412467688322067,0.5339121222496033,1.0263197935955759e-07,0.17743444442749023,0.35158678889274597,-0.03300246596336365,0.058716848492622375,0.35976314544677734,-0.024558793753385544
406,1772099478.380536,2,1,0.29172152280807495,0.444329172372818,-0.09562946110963821,0.19890457391738892,0.16869817674160004,-0.087382972240448,0.084448903799057,0.5338737368583679,1.0273126349602535e-07,0.1776989847421646,0.35025253891944885,-0.032481759786605835,0.05865655094385147,0.359025239944458,-0.024075455963611603
407,1772099478.4265547,2,1,0.2912825345993042,0.44408804178237915,-0.09609575569629669,0.19901323318481445,0.16846272349357605,-0.08638250827789307,0.08401475846767426,0.5332838892936707,1.0657234383870673e-07,0.17792272567749023,0.34957194328308105,-0.03220386058092117,0.058521054685115814,0.3580394685268402,-0.02357972040772438
408,1772099478.4754481,2,1,0.29230090975761414,0.44305336475372314,-0.09653296321630478,0.19885069131851196,0.1676977276802063,-0.0870085135102272,0.08381412923336029,0.5321552753448486,1.0537027606005722e-07,0.17778199911117554,0.3487645983695984,-0.03274063766002655,0.05818474292755127,0.35665345191955566,-0.02385956607758999
409,1772099478.5244627,2,1,0.2931935787200928,0.44198429584503174,-0.0983467847108841,0.19988630712032318,0.16742458939552307,-0.08844591677188873,0.08464784175157547,0.5323829650878906,1.067948005584185e-07,0.178560271859169,0.34794527292251587,-0.0335073322057724,0.05827070027589798,0.35597363114356995,-0.024287419393658638
410,1772099478.5753584,2,1,0.29292115569114685,0.44212135672569275,-0.09809767454862595,0.19964401423931122,0.16640089452266693,-0.08887051790952682,0.08481356501579285,0.5323913097381592,1.0338516176489065e-07,0.17871461808681488,0.34800803661346436,-0.03358416631817818,0.05874630808830261,0.3560293912887573,-0.024639446288347244
411,1772099478.625061,2,1,0.29302218556404114,0.44190073013305664,-0.09954605251550674,0.19953906536102295,0.16642345488071442,-0.08991298824548721,0.0844007357954979,0.5317599773406982,1.0698433783318251e-07,0.17876236140727997,0.3478764295578003,-0.03410603478550911,0.058564066886901855,0.35562488436698914,-0.024488678202033043
412,1772099478.6752236,2,1,0.293332040309906,0.4414822459220886,-0.09889382869005203,0.19942207634449005,0.16644088923931122,-0.0890369638800621,0.08443936705589294,0.5320507884025574,1.0221750557093401e-07,0.1788674145936966,0.34821265935897827,-0.03364912420511246,0.058794692158699036,0.3564995527267456,-0.024462221190333366
413,1772099478.7186713,2,1,0.29341810941696167,0.4414946436882019,-0.09877544641494751,0.19953617453575134,0.16667625308036804,-0.08890670537948608,0.08452129364013672,0.5318354368209839,1.0291515195604006e-07,0.17890389263629913,0.3478962481021881,-0.03354508429765701,0.058957599103450775,0.35587355494499207,-0.024248741567134857
414,1772099478.7754464,2,1,0.29376518726348877,0.44061794877052307,-0.09909309446811676,0.1993536502122879,0.1667131632566452,-0.08924686908721924,0.08432085067033768,0.5323548316955566,1.0470219535818615e-07,0.17891576886177063,0.34789085388183594,-0.03376763314008713,0.05905701220035553,0.3554403781890869,-0.023749064654111862
415,1772099478.824076,2,1,0.2914244532585144,0.4397760331630707,-0.0991780161857605,0.1976245790719986,0.16609100997447968,-0.08869168907403946,0.08400414139032364,0.5314592123031616,1.1363756868831842e-07,0.17710472643375397,0.34663665294647217,-0.033930905163288116,0.05838034301996231,0.3533034026622772,-0.023276353254914284
416,1772099478.8752801,2,1,0.2913002073764801,0.44037342071533203,-0.09506464004516602,0.19803142547607422,0.16667988896369934,-0.08424554765224457,0.08374166488647461,0.531521201133728,1.1249274933788911e-07,0.1767008900642395,0.34696194529533386,-0.03093249723315239,0.05797304958105087,0.35443297028541565,-0.022104116156697273
417,1772099478.9290655,2,1,0.2906094491481781,0.439992219209671,-0.09597399830818176,0.19761736690998077,0.16683749854564667,-0.08536499738693237,0.08338707685470581,0.530927300453186,1.1423862389392525e-07,0.176432803273201,0.3468637466430664,-0.031426917761564255,0.05765374004840851,0.3543117344379425,-0.022397933527827263
418,1772099478.975125,2,1,0.29076582193374634,0.4399068355560303,-0.09525445103645325,0.19745132327079773,0.16673992574214935,-0.08453294634819031,0.08288878202438354,0.5299757719039917,1.0941309369627561e-07,0.17599254846572876,0.3469786047935486,-0.031349066644907,0.05743250995874405,0.35435014963150024,-0.022928938269615173
419,1772099479.0249283,2,1,0.2910234034061432,0.4392951428890228,-0.09611782431602478,0.19678328931331635,0.16642701625823975,-0.0840572714805603,0.08288656175136566,0.5304534435272217,1.1639748720426724e-07,0.17537368834018707,0.3464638590812683,-0.030998501926660538,0.05684060603380203,0.35365715622901917,-0.02154935896396637
420,1772099479.069035,2,1,0.29045313596725464,0.43940669298171997,-0.09556565433740616,0.19642068445682526,0.1663108915090561,-0.08507268875837326,0.08279640227556229,0.5302642583847046,1.1101307251237813e-07,0.1756538450717926,0.34630662202835083,-0.031199036166071892,0.05667857825756073,0.3543686866760254,-0.02261769026517868
421,1772099479.1248403,2,1,0.2909483313560486,0.4395480155944824,-0.09537986665964127,0.19628752768039703,0.16549013555049896,-0.08466918766498566,0.08252160251140594,0.5304313898086548,1.1439726677053841e-07,0.17498502135276794,0.3468495309352875,-0.031120261177420616,0.05556703358888626,0.3548333942890167,-0.02318970486521721
422,1772099479.1752348,2,1,0.29065513610839844,0.4391186237335205,-0.09571211785078049,0.196086123585701,0.16513237357139587,-0.08530456572771072,0.08288455754518509,0.5310433506965637,1.1304418734425781e-07,0.17511595785617828,0.34617626667022705,-0.031144224107265472,0.055708594620227814,0.35425713658332825,-0.02325630933046341
423,1772099479.2247922,2,1,0.2899709641933441,0.43928101658821106,-0.09456127882003784,0.1953384280204773,0.16497766971588135,-0.08502797037363052,0.08243291079998016,0.5312883853912354,1.0824666674125183e-07,0.17510844767093658,0.3464335501194,-0.030796021223068237,0.05560973286628723,0.35497117042541504,-0.023032521829009056
424,1772099479.2751865,2,1,0.29056447744369507,0.4393823742866516,-0.09565876424312592,0.19570404291152954,0.16515523195266724,-0.08501648902893066,0.08231726288795471,0.5315597653388977,1.1068318173101943e-07,0.17501232028007507,0.3461860716342926,-0.031233223155140877,0.05525835603475571,0.35450053215026855,-0.023140057921409607
425,1772099479.324231,2,1,0.290579229593277,0.4387839138507843,-0.0953623354434967,0.19523276388645172,0.16506463289260864,-0.08486920595169067,0.08228246867656708,0.5312933921813965,1.0970542518862203e-07,0.1749129444360733,0.34600624442100525,-0.03081989660859108,0.05475740134716034,0.35452693700790405,-0.023355236276984215
426,1772099479.3744214,2,1,0.2897976040840149,0.43802598118782043,-0.09628047794103622,0.19440898299217224,0.16418394446372986,-0.08574261516332626,0.08234906196594238,0.5311243534088135,1.1083353257390627e-07,0.17468731105327606,0.3453251123428345,-0.03134606406092644,0.05444750189781189,0.3539370894432068,-0.0232707466930151
427,1772099479.4247117,2,1,0.2893825173377991,0.4368450939655304,-0.09552609920501709,0.194234237074852,0.16455456614494324,-0.08482671529054642,0.08201155811548233,0.5312910079956055,1.0584930976165197e-07,0.17453613877296448,0.34540435671806335,-0.030781898647546768,0.05432239919900894,0.35493242740631104,-0.02283371426165104
428,1772099479.4749038,2,1,0.288723886013031,0.4351383447647095,-0.09519487619400024,0.19405335187911987,0.16415084898471832,-0.08429346233606339,0.08059435337781906,0.5294095277786255,1.0057281940589746e-07,0.17386752367019653,0.34458228945732117,-0.03060906194150448,0.05423711985349655,0.3515472412109375,-0.02317233569920063
429,1772099479.524816,2,1,0.28942352533340454,0.4352644681930542,-0.09642937779426575,0.1937340945005417,0.1640622615814209,-0.08429969847202301,0.08101039379835129,0.5306186079978943,1.0365919678179125e-07,0.17394967377185822,0.3445400297641754,-0.03093949519097805,0.05377895385026932,0.35203516483306885,-0.022951852530241013
430,1772099479.5749164,2,1,0.2891448438167572,0.43409255146980286,-0.09396678954362869,0.19341899454593658,0.1645374894142151,-0.08399872481822968,0.0802779272198677,0.5286621451377869,9.120841326648588e-08,0.173660010099411,0.3455386161804199,-0.0302566047757864,0.05380962789058685,0.35282936692237854,-0.024024873971939087
431,1772099479.624007,2,1,0.28936371207237244,0.43341514468193054,-0.09232728183269501,0.1934957504272461,0.16395024955272675,-0.08012393116950989,0.08151907473802567,0.5261111259460449,9.986130322658937e-08,0.1720154583454132,0.3446216881275177,-0.028310924768447876,0.052965857088565826,0.35330870747566223,-0.023009231314063072
432,1772099479.6752934,2,1,0.28631168603897095,0.43155622482299805,-0.08565029501914978,0.19728530943393707,0.16785584390163422,-0.06695085018873215,0.08019975572824478,0.5257917046546936,1.3748257288170862e-07,0.1739647388458252,0.3402690887451172,-0.01835334300994873,0.05766113102436066,0.3484518527984619,-0.015227061696350574
433,1772099479.7248042,2,1,0.2837185263633728,0.4309459626674652,-0.09524910151958466,0.19622187316417694,0.16948957741260529,-0.08210094273090363,0.08412200957536697,0.5276501178741455,2.3496502876696468e-07,0.17062431573867798,0.3446914255619049,-0.027690529823303223,0.05368669331073761,0.3584596514701843,-0.01902310736477375
434,1772099479.7798538,2,1,0.2840671241283417,0.4319401681423187,-0.09147589653730392,0.19764691591262817,0.17149648070335388,-0.07936982065439224,0.08379468321800232,0.5310558676719666,3.17547574013588e-07,0.17029216885566711,0.3455639183521271,-0.02740788646042347,0.05556212365627289,0.35317662358283997,-0.017994128167629242
435,1772099479.825191,2,1,0.28519779443740845,0.4293053150177002,-0.08535449206829071,0.19907431304454803,0.16827572882175446,-0.08354993164539337,0.07911127805709839,0.5319378972053528,3.5908306017518044e-07,0.16804051399230957,0.3436916768550873,-0.029165247455239296,0.0530979260802269,0.3492911458015442,-0.03539270535111427
436,1772099479.8751256,2,1,0.28663909435272217,0.4299142360687256,-0.08397198468446732,0.20090988278388977,0.16734804213047028,-0.08311209827661514,0.07891225069761276,0.5313644409179688,4.0029163983490434e-07,0.1680108606815338,0.34328311681747437,-0.030283896252512932,0.054617948830127716,0.34558361768722534,-0.0347309485077858
437,1772099479.9247909,2,1,0.2874700725078583,0.4298466444015503,-0.0842600166797638,0.20360128581523895,0.16746604442596436,-0.08545383810997009,0.0795188695192337,0.5295313596725464,4.3024593310292403e-07,0.16837164759635925,0.3433898687362671,-0.031320586800575256,0.05478673428297043,0.34383463859558105,-0.03668968752026558
438,1772099479.979113,2,1,0.2875883877277374,0.43045124411582947,-0.0831071063876152,0.20854759216308594,0.16605320572853088,-0.08244654536247253,0.0799875408411026,0.5287286639213562,4.549766288164392e-07,0.16935943067073822,0.3428467810153961,-0.02975749410688877,0.05624741315841675,0.3411027789115906,-0.033698294311761856
439,1772099480.024808,2,1,0.2896047830581665,0.4299736022949219,-0.08069338649511337,0.21144846081733704,0.16627876460552216,-0.0803774818778038,0.08036716282367706,0.5287569165229797,4.633226353689679e-07,0.17056095600128174,0.3421076834201813,-0.02822006121277809,0.05823172628879547,0.34055858850479126,-0.03284967690706253
440,1772099480.0747886,2,1,0.2901051938533783,0.4303184747695923,-0.0765533298254013,0.21515169739723206,0.1675126999616623,-0.07685218006372452,0.0809597373008728,0.5282551050186157,4.5255094960339193e-07,0.17246779799461365,0.3423333466053009,-0.026607424020767212,0.060059696435928345,0.33962565660476685,-0.03218976408243179
441,1772099480.1252816,2,1,0.2915172576904297,0.4305856227874756,-0.07371720671653748,0.21960946917533875,0.17103822529315948,-0.07249166071414948,0.08119913935661316,0.5282031297683716,4.584562418585847e-07,0.17448420822620392,0.3430648148059845,-0.0242488794028759,0.06270510703325272,0.3388311564922333,-0.028857147321105003
442,1772099480.1748009,2,1,0.2918873131275177,0.4321455657482147,-0.07432512938976288,0.21804948151111603,0.17184661328792572,-0.07376544922590256,0.08125825971364975,0.5287525653839111,4.4502792206913e-07,0.17419835925102234,0.34442761540412903,-0.025110755115747452,0.06228708475828171,0.33926689624786377,-0.030185304582118988
443,1772099480.2248333,2,1,0.29205256700515747,0.4319719970226288,-0.07304813712835312,0.21770797669887543,0.1723286509513855,-0.07206182181835175,0.08155788481235504,0.5289124250411987,4.415662431256351e-07,0.17395013570785522,0.3447974920272827,-0.024134960025548935,0.06230133771896362,0.3393765389919281,-0.029330328106880188
444,1772099480.2751453,2,1,0.2915763258934021,0.4324468970298767,-0.07223164290189743,0.2173444926738739,0.17428497970104218,-0.07149990648031235,0.08110865950584412,0.529962956905365,4.37878185266527e-07,0.17381197214126587,0.34639620780944824,-0.023983662948012352,0.06175724416971207,0.3413075804710388,-0.029299912974238396
445,1772099480.3251946,2,1,0.29175084829330444,0.430881530046463,-0.07457391172647476,0.21673652529716492,0.17293284833431244,-0.07231530547142029,0.08122580498456955,0.5306657552719116,4.4701403112412663e-07,0.17360720038414001,0.3462795615196228,-0.024541640654206276,0.06181035935878754,0.3413499593734741,-0.0285603329539299
446,1772099480.3786662,2,1,0.29137349128723145,0.43141448497772217,-0.07408125698566437,0.2171107530593872,0.17321260273456573,-0.07270518690347672,0.0814063549041748,0.5310966372489929,4.460050604393473e-07,0.1735636293888092,0.3463090658187866,-0.024829886853694916,0.06176222860813141,0.3416459560394287,-0.02935647964477539
447,1772099480.4290402,2,1,0.2911055088043213,0.4317156970500946,-0.07393115013837814,0.216213196516037,0.1730007827281952,-0.07292446494102478,0.08141220360994339,0.5315793752670288,4.4435901713768544e-07,0.17334327101707458,0.346702516078949,-0.024820411577820778,0.06121011823415756,0.342168927192688,-0.02987280860543251
448,1772099480.4748619,2,1,0.2908363938331604,0.43187856674194336,-0.0727711170911789,0.21463853120803833,0.17218241095542908,-0.07172664254903793,0.08170382678508759,0.5318118333816528,4.403220543736097e-07,0.17258703708648682,0.3460996448993683,-0.024368872866034508,0.06108692288398743,0.3424986004829407,-0.029634974896907806
449,1772099480.5248973,2,1,0.29060041904449463,0.4322053790092468,-0.07303569465875626,0.21330852806568146,0.17196910083293915,-0.07158731669187546,0.08111745119094849,0.532224178314209,4.431871900578699e-07,0.17181254923343658,0.3464389145374298,-0.02427668310701847,0.06077849864959717,0.3427598476409912,-0.02958914078772068
450,1772099480.5781207,2,1,0.2903982996940613,0.4321505129337311,-0.07395774126052856,0.21242418885231018,0.17230024933815002,-0.07245533168315887,0.08121772855520248,0.5320872664451599,4.4095315843151184e-07,0.17150072753429413,0.3462904691696167,-0.024707835167646408,0.06036001443862915,0.34312596917152405,-0.030233275145292282
451,1772099480.6279302,2,1,0.2893373966217041,0.4312249422073364,-0.07601222395896912,0.21056219935417175,0.17151987552642822,-0.0738416314125061,0.07925520092248917,0.532408595085144,4.4889870309816615e-07,0.17005398869514465,0.3470294177532196,-0.025156494230031967,0.058309122920036316,0.3436318635940552,-0.030448125675320625
452,1772099480.6747863,2,1,0.286837100982666,0.43103012442588806,-0.07364045828580856,0.20924949645996094,0.17149260640144348,-0.07230281829833984,0.07943418622016907,0.5321988463401794,4.367129520232993e-07,0.1697709560394287,0.34676116704940796,-0.024617470800876617,0.05886051803827286,0.3434303104877472,-0.02989869751036167
453,1772099480.72785,2,1,0.28594085574150085,0.43029218912124634,-0.07485669106245041,0.20822755992412567,0.17086352407932281,-0.0739937350153923,0.07951147854328156,0.5321145057678223,4.385286160868418e-07,0.16954360902309418,0.3474358916282654,-0.025427810847759247,0.05834771692752838,0.3433573842048645,-0.03050808794796467
454,1772099480.7747977,2,1,0.2849310338497162,0.4293224513530731,-0.07343191653490067,0.20526540279388428,0.16975800693035126,-0.07277870923280716,0.07825851440429688,0.531913161277771,4.069481178703427e-07,0.16982237994670868,0.3462909758090973,-0.024360228329896927,0.058123841881752014,0.343739777803421,-0.030216267332434654
455,1772099480.8253973,2,1,0.2813299596309662,0.42469874024391174,-0.07552912086248398,0.20048731565475464,0.17430679500102997,-0.07406128197908401,0.07900506258010864,0.5324074625968933,3.615098478348955e-07,0.17081032693386078,0.3476574420928955,-0.024617010727524757,0.057606108486652374,0.34470292925834656,-0.029504837468266487
456,1772099480.8748157,2,1,0.2720222473144531,0.41214728355407715,-0.06357400864362717,0.18192368745803833,0.20009730756282806,-0.05903685465455055,0.07690981030464172,0.5320008993148804,2.1063840449642157e-07,0.1723909229040146,0.34929877519607544,-0.01033980306237936,0.061167821288108826,0.34199950098991394,-0.015343076549470425
457,1772099480.924348,2,1,0.2512853145599365,0.39058053493499756,-0.05877000093460083,0.17794102430343628,0.238798126578331,-0.06282662600278854,0.07937540113925934,0.5331613421440125,1.977845442979742e-07,0.1726744920015335,0.35082513093948364,-0.006785425823181868,0.062243759632110596,0.34675827622413635,-0.0034441999159753323
458,1772099480.9730809,2,1,0.14417816698551178,0.31778451800346375,-0.056969597935676575,0.1621886044740677,0.35674571990966797,-0.05955861136317253,0.09028127789497375,0.5280150175094604,-2.614603147321759e-07,0.17721310257911682,0.3467739224433899,-0.00609445059671998,0.06239929050207138,0.3621654212474823,-0.018457738682627678
459,1772099481.0251718,2,1,0.13521815836429596,0.3182717561721802,-0.04981520399451256,0.16321757435798645,0.38085508346557617,-0.06030764803290367,0.08871874213218689,0.5336723923683167,-3.2860566534509417e-07,0.17385631799697876,0.3512256443500519,-0.00733980443328619,0.05824160575866699,0.37428510189056396,-0.023181892931461334
460,1772099481.078816,2,1,0.12689855694770813,0.3270260691642761,-0.04717600345611572,0.1628580391407013,0.3880756199359894,-0.05784134194254875,0.08846788108348846,0.5360543131828308,-3.169687374793284e-07,0.17158442735671997,0.35596364736557007,-0.00765226548537612,0.055390603840351105,0.3763822913169861,-0.02282911352813244
461,1772099481.1248124,2,1,0.12258441746234894,0.3355584740638733,-0.04538324475288391,0.16407044231891632,0.39200475811958313,-0.05732027441263199,0.08782777935266495,0.532290518283844,-3.200282208126737e-07,0.17123788595199585,0.3573799133300781,-0.010297252796590328,0.05445975810289383,0.3768470883369446,-0.022819489240646362
462,1772099481.1752582,2,1,0.12097923457622528,0.3457082509994507,-0.04603451490402222,0.16563260555267334,0.3963789939880371,-0.056383006274700165,0.08907046914100647,0.5338268876075745,-2.9393973477453983e-07,0.17245282232761383,0.3636701703071594,-0.0116726104170084,0.05553574115037918,0.37834855914115906,-0.02124767191708088
463,1772099481.2247725,2,1,0.11984885483980179,0.3563104569911957,-0.05410416051745415,0.1662345975637436,0.40404212474823,-0.06289298087358475,0.08988060057163239,0.5349571704864502,-2.5715277729432273e-07,0.17630422115325928,0.36742082238197327,-0.017269723117351532,0.05730017274618149,0.3750687837600708,-0.021817922592163086
464,1772099481.27521,2,1,0.1216064915060997,0.3724331259727478,-0.07123396545648575,0.16513623297214508,0.41758063435554504,-0.07734573632478714,0.0930316224694252,0.540316104888916,-1.9787432847806485e-07,0.18197037279605865,0.36944881081581116,-0.023884786292910576,0.06279778480529785,0.3612903654575348,-0.021779194474220276
465,1772099481.3245947,2,1,0.11878851056098938,0.3795952796936035,-0.0709100142121315,0.16579756140708923,0.4139927327632904,-0.07801584899425507,0.09582585841417313,0.5364688038825989,-1.3905672346936626e-07,0.18360137939453125,0.36749911308288574,-0.024131081998348236,0.06537733972072601,0.35988539457321167,-0.021677428856492043
466,1772099481.3748825,2,1,0.11700281500816345,0.3771735727787018,-0.0707782432436943,0.1651313602924347,0.41521647572517395,-0.07843223214149475,0.0956297516822815,0.5355257391929626,-1.320175186947381e-07,0.18211103975772858,0.3739303648471832,-0.026271244511008263,0.06476177275180817,0.36223167181015015,-0.02105913870036602
467,1772099481.4247909,2,1,0.11700505763292313,0.3767186999320984,-0.07269525527954102,0.16524866223335266,0.4152386784553528,-0.07931237667798996,0.09528075158596039,0.5357524752616882,-1.264839539771856e-07,0.18220154941082,0.3714855909347534,-0.026542874053120613,0.06545878201723099,0.36011356115341187,-0.02061006799340248
468,1772099481.4791245,2,1,0.1171189546585083,0.37633275985717773,-0.07139423489570618,0.1653677076101303,0.41501185297966003,-0.0792170986533165,0.09524604678153992,0.5344115495681763,-1.2672452953665925e-07,0.18224197626113892,0.3715053200721741,-0.02615927718579769,0.06530916690826416,0.3597128987312317,-0.021993443369865417
469,1772099481.5291297,2,1,0.11627126485109329,0.3761223554611206,-0.07230014353990555,0.16493523120880127,0.4142533242702484,-0.07981907576322556,0.09518219530582428,0.5341799855232239,-1.2246856329056754e-07,0.18130774796009064,0.37067553400993347,-0.02757677435874939,0.06513996422290802,0.3595121204853058,-0.021510617807507515
470,1772099481.5747743,2,1,0.11646991968154907,0.37470105290412903,-0.06904205679893494,0.16463780403137207,0.41292813420295715,-0.07566589117050171,0.09387228637933731,0.5327491760253906,-1.2705679353075539e-07,0.17999374866485596,0.37442272901535034,-0.025451596826314926,0.06414702534675598,0.36120960116386414,-0.020211568102240562
471,1772099481.6247916,2,1,0.11568403244018555,0.37218785285949707,-0.07031223922967911,0.1642271727323532,0.41286712884902954,-0.07763902097940445,0.09363216161727905,0.5331031084060669,-1.3053606551238772e-07,0.1806611865758896,0.3706323504447937,-0.026426177471876144,0.0642242431640625,0.3594581186771393,-0.0206033606082201
472,1772099481.678091,2,1,0.11692111939191818,0.37263643741607666,-0.06904004514217377,0.16402560472488403,0.41206178069114685,-0.07688199728727341,0.09359484910964966,0.5335328578948975,-1.3522465280857432e-07,0.18010550737380981,0.37009310722351074,-0.02571209892630577,0.06384473294019699,0.3603523373603821,-0.020370570942759514
473,1772099481.729355,2,1,0.11658750474452972,0.37187886238098145,-0.06835431605577469,0.1642448753118515,0.4118209481239319,-0.07571187615394592,0.09313546866178513,0.5328662395477295,-1.4394142056062265e-07,0.18033577501773834,0.3696427345275879,-0.02470705844461918,0.06380047649145126,0.3601168990135193,-0.02045118622481823
474,1772099481.7707276,2,1,0.1166720911860466,0.37179315090179443,-0.06906799972057343,0.16372087597846985,0.41198113560676575,-0.07681596279144287,0.0939522311091423,0.5332775115966797,-1.420812196784027e-07,0.18033301830291748,0.36868777871131897,-0.02520100772380829,0.063990019261837,0.360306054353714,-0.020370572805404663
475,1772099481.8248024,2,1,0.11670229583978653,0.37204378843307495,-0.06843901425600052,0.16419069468975067,0.41122472286224365,-0.07497827708721161,0.09258150309324265,0.5329854488372803,-1.444662700578192e-07,0.18041986227035522,0.37157315015792847,-0.02381219156086445,0.06421311944723129,0.36092033982276917,-0.01958383060991764
476,1772099481.8749545,2,1,0.11753538995981216,0.3702057898044586,-0.06423351168632507,0.16408120095729828,0.4100204110145569,-0.0704154521226883,0.09266913682222366,0.5328611731529236,-1.5602718406171334e-07,0.1810004860162735,0.3717309236526489,-0.02088187076151371,0.06440098583698273,0.3644943833351135,-0.018928200006484985
477,1772099481.9281106,2,1,0.11807209253311157,0.3681787848472595,-0.06504357606172562,0.16440558433532715,0.4113113284111023,-0.07229658216238022,0.09339559078216553,0.5345810651779175,-1.5950060117120302e-07,0.1806126981973648,0.3699377477169037,-0.021365782245993614,0.06328751891851425,0.36529508233070374,-0.019969195127487183
478,1772099481.9749115,2,1,0.11837111413478851,0.3681851327419281,-0.06409988552331924,0.16522052884101868,0.4097546637058258,-0.07107483595609665,0.09260827302932739,0.5333924293518066,-1.7068956026378146e-07,0.18166124820709229,0.36794164776802063,-0.01968594826757908,0.06403828412294388,0.3631601929664612,-0.020138155668973923
479,1772099482.0249112,2,1,0.11891000717878342,0.3670557737350464,-0.06437418609857559,0.1644900143146515,0.4104175865650177,-0.07143353670835495,0.09308621287345886,0.5339763164520264,-1.7303362653819931e-07,0.18150757253170013,0.3688161075115204,-0.020838448777794838,0.06361941248178482,0.363828182220459,-0.019973279908299446
480,1772099482.0816703,2,1,0.11825709044933319,0.36586281657218933,-0.06476094573736191,0.16468189656734467,0.4095264971256256,-0.07262714952230453,0.09237023442983627,0.533123254776001,-1.735822365844797e-07,0.1809540092945099,0.37001320719718933,-0.0209670327603817,0.06312808394432068,0.3651450276374817,-0.02064421959221363
481,1772099482.1282113,2,1,0.11829744279384613,0.3647305369377136,-0.06276974081993103,0.16281962394714355,0.4082517921924591,-0.07042588293552399,0.09183807671070099,0.5337011218070984,-1.750259457367065e-07,0.17976273596286774,0.3675740957260132,-0.01860710047185421,0.06207709014415741,0.3645065724849701,-0.020166879519820213
482,1772099482.1769564,2,1,0.11865266412496567,0.3656764030456543,-0.0670451819896698,0.16345718502998352,0.4061860740184784,-0.07467088103294373,0.0931897759437561,0.5315213799476624,-1.651086449783179e-07,0.18075649440288544,0.3671448826789856,-0.02159770205616951,0.062433548271656036,0.3652903735637665,-0.020734651014208794
483,1772099482.2247474,2,1,0.12391123920679092,0.3646387457847595,-0.06280909478664398,0.1638546884059906,0.4035654664039612,-0.06759773194789886,0.09255106002092361,0.5312234163284302,-1.801526963163269e-07,0.17952607572078705,0.36829692125320435,-0.018603691831231117,0.06053093075752258,0.3701257109642029,-0.01890031062066555
484,1772099482.2750866,2,1,0.13052251935005188,0.36401498317718506,-0.0630473867058754,0.16360996663570404,0.4007396399974823,-0.06556150317192078,0.09179038554430008,0.5287689566612244,-1.8873244300721126e-07,0.17662158608436584,0.3696780800819397,-0.01889997348189354,0.0608377531170845,0.37280601263046265,-0.017781982198357582
485,1772099482.3240702,2,1,0.14350001513957977,0.3613952696323395,-0.05964498966932297,0.1628311276435852,0.3990434408187866,-0.062000226229429245,0.09165486693382263,0.5262357592582703,-2.2217940909285971e-07,0.17579133808612823,0.3685220777988434,-0.01721879094839096,0.0605655163526535,0.37222594022750854,-0.016586506739258766
486,1772099482.3624902,2,1,0.16153374314308167,0.36557459831237793,-0.06227971613407135,0.16072708368301392,0.39270347356796265,-0.06759868562221527,0.09181723743677139,0.5243433117866516,-2.4973047629828216e-07,0.17786897718906403,0.36533311009407043,-0.016801292076706886,0.06108526885509491,0.36961519718170166,-0.01927011087536812
487,1772099482.4080734,2,1,0.18129518628120422,0.3726615309715271,-0.06360356509685516,0.15829449892044067,0.3732243478298187,-0.06511800736188889,0.08895162492990494,0.5227320194244385,-2.1509870862246316e-07,0.17704059183597565,0.3639168441295624,-0.014611076563596725,0.0603945329785347,0.36616891622543335,-0.019328251481056213
488,1772099482.4590409,2,1,0.22899094223976135,0.3933280408382416,-0.0672641471028328,0.17836657166481018,0.23216548562049866,-0.06855107843875885,0.08600485324859619,0.519487202167511,3.1266446853805974e-07,0.16824311017990112,0.34971439838409424,-0.016728853806853294,0.05618693679571152,0.3469092547893524,-0.012810738757252693
489,1772099482.5074081,2,1,0.2347957193851471,0.39673835039138794,-0.0668073296546936,0.18290071189403534,0.19779656827449799,-0.06917396932840347,0.08299604803323746,0.5231823921203613,2.977062933950947e-07,0.16646112501621246,0.3475319445133209,-0.02230464294552803,0.05461812764406204,0.34428292512893677,-0.021945305168628693
490,1772099482.5589514,2,1,0.2399488091468811,0.39789071679115295,-0.0706501230597496,0.18879930675029755,0.17812995612621307,-0.07341092824935913,0.07970766723155975,0.525204062461853,3.7600605651277874e-07,0.16454684734344482,0.34427228569984436,-0.025569291785359383,0.05304472893476486,0.3434217572212219,-0.02696106769144535
491,1772099482.611856,2,1,0.24398773908615112,0.4009208381175995,-0.07191626727581024,0.19026874005794525,0.16683262586593628,-0.07541770488023758,0.07749709486961365,0.5285020470619202,3.924470206584374e-07,0.16200007498264313,0.3407287299633026,-0.02694516070187092,0.05048806965351105,0.34190836548805237,-0.028918031603097916
492,1772099482.6589952,2,1,0.24926084280014038,0.40441566705703735,-0.07434625923633575,0.19259221851825714,0.16030646860599518,-0.07707469165325165,0.07688193023204803,0.5327314734458923,4.187756985629676e-07,0.1596347689628601,0.3391134738922119,-0.027729813009500504,0.04782742261886597,0.3423762619495392,-0.0316750593483448
493,1772099482.7086577,2,1,0.2527494430541992,0.4071771800518036,-0.07243657857179642,0.19436587393283844,0.16045409440994263,-0.07348189502954483,0.07682858407497406,0.5365884304046631,4.313160673063976e-07,0.1593552529811859,0.33956170082092285,-0.02551455609500408,0.04676242917776108,0.34334108233451843,-0.03069092147052288
494,1772099482.758924,2,1,0.26325905323028564,0.412686824798584,-0.08057867735624313,0.19940713047981262,0.16276584565639496,-0.0782913789153099,0.07630720734596252,0.5360457301139832,4.830052944271301e-07,0.15811742842197418,0.34060728549957275,-0.027983548119664192,0.04622071236371994,0.3423505425453186,-0.030763117596507072
495,1772099482.8080695,2,1,0.26462578773498535,0.4137500524520874,-0.07948217540979385,0.20134684443473816,0.16138134896755219,-0.07617682218551636,0.07550093531608582,0.5344741344451904,4.927147756461636e-07,0.1578443944454193,0.3390911817550659,-0.027937591075897217,0.04735258221626282,0.3414154052734375,-0.02970198169350624
496,1772099482.858913,2,1,0.26489466428756714,0.41392430663108826,-0.07865463942289352,0.20202580094337463,0.1612522453069687,-0.0747840628027916,0.07487480342388153,0.5348567962646484,4.868174414696114e-07,0.1581478714942932,0.3386722505092621,-0.02670060656964779,0.047475665807724,0.3412415385246277,-0.02906339429318905
497,1772099482.9073188,2,1,0.26435720920562744,0.4140535891056061,-0.07789626717567444,0.20098766684532166,0.16176535189151764,-0.07336792349815369,0.07370857149362564,0.5354419946670532,4.81391850826185e-07,0.15802599489688873,0.3391576111316681,-0.026366962119936943,0.047164879739284515,0.3406044542789459,-0.027564290910959244
498,1772099482.9586854,2,1,0.2636854350566864,0.4152836501598358,-0.07848937064409256,0.20096014440059662,0.1619172841310501,-0.07395944744348526,0.07466109097003937,0.5357222557067871,4.78099480005767e-07,0.15814507007598877,0.3396581709384918,-0.026942279189825058,0.04716760665178299,0.34116795659065247,-0.02830357477068901
499,1772099483.0099618,2,1,0.2636374533176422,0.41486284136772156,-0.07787684351205826,0.2005784511566162,0.16195791959762573,-0.07370582222938538,0.07375133037567139,0.535586953163147,4.798209829459665e-07,0.157809317111969,0.33969929814338684,-0.026639724150300026,0.046621888875961304,0.34146469831466675,-0.027977418154478073
500,1772099483.061357,2,1,0.26349008083343506,0.41545534133911133,-0.07729675620794296,0.20017173886299133,0.16225095093250275,-0.07313472777605057,0.0738220289349556,0.5356362462043762,4.7641600531278527e-07,0.15755297243595123,0.3401642441749573,-0.026676984503865242,0.04656852036714554,0.34101349115371704,-0.02763054147362709
501,1772099483.1074963,2,1,0.2645302712917328,0.4155590534210205,-0.07756265252828598,0.19952349364757538,0.16184614598751068,-0.07351008802652359,0.07368499040603638,0.5357593894004822,4.778001994054648e-07,0.1575339138507843,0.3403451442718506,-0.026596561074256897,0.04631057381629944,0.34163033962249756,-0.02751234546303749
502,1772099483.1589422,2,1,0.26381880044937134,0.41607242822647095,-0.07834295183420181,0.19948217272758484,0.16231070458889008,-0.07467286288738251,0.07378403842449188,0.5358366370201111,4.770480472870986e-07,0.15750433504581451,0.34096789360046387,-0.027410294860601425,0.046336740255355835,0.3417331874370575,-0.028467856347560883
503,1772099483.2080238,2,1,0.26355937123298645,0.4157489240169525,-0.07834397256374359,0.19922712445259094,0.16226886212825775,-0.07435525208711624,0.07394129037857056,0.5357114672660828,4.799682642442349e-07,0.15737950801849365,0.3404097855091095,-0.027042999863624573,0.045911677181720734,0.341739684343338,-0.027953507378697395
504,1772099483.2600548,2,1,0.2638314962387085,0.4159306585788727,-0.07912353426218033,0.19932477176189423,0.16224271059036255,-0.07506387680768967,0.07322182506322861,0.5354587435722351,4.81740983104828e-07,0.15735647082328796,0.3407500684261322,-0.02746015042066574,0.0461004376411438,0.34155142307281494,-0.028012041002511978
505,1772099483.2990844,2,0,0.26349225640296936,0.41651350259780884,-0.08043358474969864,0.19890815019607544,0.1620502471923828,-0.07622656971216202,0.07379120588302612,0.5349246263504028,4.811033704754664e-07,0.15731073915958405,0.3410283923149109,-0.02837073802947998,0.046076446771621704,0.34155747294425964,-0.02828497625887394
506,1772099483.3428075,2,0,0.26338809728622437,0.4164121747016907,-0.08042780309915543,0.19869482517242432,0.16233476996421814,-0.07616712152957916,0.0728570967912674,0.5343507528305054,4.806778406418744e-07,0.15732619166374207,0.34136077761650085,-0.028211593627929688,0.04617799073457718,0.34131744503974915,-0.028449827805161476
507,1772099483.388741,2,0,0.2637827396392822,0.4161449372768402,-0.08145982027053833,0.19868701696395874,0.1625853031873703,-0.07667229324579239,0.07366419583559036,0.5348682999610901,4.827500674764451e-07,0.1575319766998291,0.34136930108070374,-0.028430387377738953,0.04628396034240723,0.3415578305721283,-0.0283262487500906
508,1772099483.4448085,2,0,0.2645673155784607,0.41729143261909485,-0.08107607066631317,0.19730210304260254,0.1624545454978943,-0.07734896242618561,0.07278952747583389,0.5350451469421387,4.69299862970729e-07,0.1573740690946579,0.3421306908130646,-0.02865966036915779,0.046113885939121246,0.3421414792537689,-0.02955574169754982
509,1772099483.4914398,2,0,0.2648811340332031,0.4164583683013916,-0.07951593399047852,0.19690528512001038,0.16283126175403595,-0.07576262205839157,0.07357184588909149,0.5357927083969116,4.645210367471009e-07,0.15710976719856262,0.34257423877716064,-0.027850039303302765,0.04601721465587616,0.3423101603984833,-0.028727810829877853
510,1772099483.5419493,2,0,0.2641230821609497,0.417405903339386,-0.08007083833217621,0.19676968455314636,0.16274356842041016,-0.07708147168159485,0.07362567633390427,0.536168098449707,4.648722438105324e-07,0.1572359800338745,0.3429540991783142,-0.028970958665013313,0.045981064438819885,0.3424980640411377,-0.030142636969685555
511,1772099483.5918393,2,0,0.26373958587646484,0.4181441366672516,-0.08134963363409042,0.19645053148269653,0.16298753023147583,-0.07811472564935684,0.07352917641401291,0.5359463691711426,4.6556499455618905e-07,0.1569952666759491,0.3432004451751709,-0.02957344800233841,0.04588547348976135,0.34294819831848145,-0.030460406094789505
512,1772099483.6417377,2,0,0.26319441199302673,0.4182811379432678,-0.08240140229463577,0.19573786854743958,0.1630004495382309,-0.07927556335926056,0.07367192208766937,0.5362801551818848,4.6484416316161514e-07,0.15694579482078552,0.34341880679130554,-0.030025439336895943,0.045573890209198,0.3435562551021576,-0.031413525342941284
513,1772099483.6930735,2,0,0.26248571276664734,0.41852837800979614,-0.08199820667505264,0.19537536799907684,0.16301129758358002,-0.07838919758796692,0.07339255511760712,0.5368887186050415,4.646552724807407e-07,0.15674369037151337,0.34336549043655396,-0.029627561569213867,0.04566356539726257,0.34347066283226013,-0.030579982325434685
514,1772099483.7414331,2,0,0.2616341710090637,0.4173389971256256,-0.08013337105512619,0.1948472112417221,0.16293661296367645,-0.07741664350032806,0.07226872444152832,0.5370464324951172,4.5903445311523683e-07,0.15593838691711426,0.34330910444259644,-0.029253022745251656,0.044435277581214905,0.34411782026290894,-0.03079144097864628
515,1772099483.8022006,2,0,0.26115596294403076,0.41746363043785095,-0.0804762914776802,0.19440554082393646,0.1631632149219513,-0.07839640229940414,0.07264687865972519,0.5362545251846313,4.549075640625233e-07,0.155137300491333,0.3432220220565796,-0.029829116538167,0.044404804706573486,0.34457817673683167,-0.03104216791689396
516,1772099483.8589816,2,0,0.2607588768005371,0.41820210218429565,-0.08071480691432953,0.19385403394699097,0.1632884293794632,-0.07838080078363419,0.07233823835849762,0.5359752178192139,4.561936748359585e-07,0.15520340204238892,0.3433637022972107,-0.029628487303853035,0.04445788264274597,0.344341903924942,-0.031491510570049286
517,1772099483.9110231,2,0,0.2608230710029602,0.41869616508483887,-0.08037476986646652,0.19392037391662598,0.16385449469089508,-0.07801900804042816,0.07179221510887146,0.5368402600288391,4.550298342564929e-07,0.15547682344913483,0.34369662404060364,-0.02927350625395775,0.0441911518573761,0.3453824520111084,-0.03114815428853035
518,1772099483.957266,2,0,0.26077449321746826,0.4181894361972809,-0.07990642637014389,0.1942121684551239,0.16447262465953827,-0.07791746407747269,0.07224637269973755,0.5375689268112183,4.5246628133099875e-07,0.15554414689540863,0.34482672810554504,-0.02927534654736519,0.044490717351436615,0.3456391394138336,-0.031133726239204407
519,1772099484.005444,2,0,0.2609436511993408,0.41800934076309204,-0.08050569891929626,0.1941739320755005,0.16571351885795593,-0.07879653573036194,0.07236737012863159,0.5372984409332275,4.4810488475377497e-07,0.1564323753118515,0.34562909603118896,-0.029696114361286163,0.04537314921617508,0.3457881510257721,-0.03141183406114578
520,1772099484.0559793,2,0,0.2610519528388977,0.41749390959739685,-0.08041348308324814,0.19488127529621124,0.166221484541893,-0.07891640067100525,0.07259313762187958,0.5375795960426331,4.4452934844230185e-07,0.15678855776786804,0.3460662066936493,-0.029976442456245422,0.04549938440322876,0.3463466763496399,-0.03148813918232918
521,1772099484.1083965,2,0,0.26136165857315063,0.4181465804576874,-0.07933493703603745,0.19422277808189392,0.16784320771694183,-0.07783690840005875,0.07371429353952408,0.5400643944740295,4.348653135366476e-07,0.15742628276348114,0.3476524353027344,-0.029103117063641548,0.046258553862571716,0.3477424383163452,-0.031411707401275635
522,1772099484.1608393,2,0,0.26224690675735474,0.4185240864753723,-0.07835794985294342,0.19151447713375092,0.17089436948299408,-0.07706964761018753,0.0744561180472374,0.5424975752830505,4.101391652966413e-07,0.15887629985809326,0.3502885699272156,-0.02883908897638321,0.046905577182769775,0.3503543734550476,-0.03124081715941429
523,1772099484.2080169,2,0,0.2616342306137085,0.4202048182487488,-0.07758893072605133,0.18780750036239624,0.17479708790779114,-0.07718396931886673,0.07642629742622375,0.5470679998397827,3.901760408098198e-07,0.15926669538021088,0.35343044996261597,-0.028507370501756668,0.0471063107252121,0.3537432551383972,-0.0310218408703804
524,1772099484.259398,2,0,0.2608029842376709,0.41790834069252014,-0.06408579647541046,0.1776927411556244,0.21491774916648865,-0.07366583496332169,0.08571834117174149,0.5748354196548462,1.8435801507621363e-07,0.17038211226463318,0.382961630821228,-0.023149367421865463,0.052883848547935486,0.3802296817302704,-0.034065090119838715
525,1772099484.310504,2,0,0.26734912395477295,0.4265500009059906,-0.06879758089780807,0.18166068196296692,0.24139054119586945,-0.07693865150213242,0.09315367043018341,0.5916757583618164,1.9997699496343557e-07,0.1770765483379364,0.3991532623767853,-0.02255111187696457,0.058532096445560455,0.39780932664871216,-0.03305305168032646
526,1772099484.3542888,2,0,0.2681839168071747,0.4463416039943695,-0.053717002272605896,0.19279450178146362,0.2801804840564728,-0.06531466543674469,0.10231848061084747,0.6154811382293701,1.5161671740315796e-07,0.18722285330295563,0.420105904340744,-0.014178765937685966,0.06733456999063492,0.4208126366138458,-0.029317986220121384
527,1772099484.4064481,2,0,0.277229368686676,0.47845083475112915,-0.03412773087620735,0.21122607588768005,0.33231282234191895,-0.03636453300714493,0.10990431904792786,0.643783450126648,1.2216803213505045e-07,0.19942781329154968,0.4531641900539398,0.001483421539887786,0.08225557208061218,0.4515273869037628,-0.013999310322105885
528,1772099484.4591331,2,0,0.3264883756637573,0.5737643241882324,-0.05525597929954529,0.2683700621128082,0.4820966124534607,-0.06576821953058243,0.13734537363052368,0.7175713777542114,9.047762006275661e-08,0.23275473713874817,0.5287418961524963,-0.009472891688346863,0.11449213325977325,0.5284175872802734,-0.020888790488243103
529,1772099484.508736,2,0,0.34992653131484985,0.6263687610626221,-0.07991190999746323,0.2836535573005676,0.554638683795929,-0.09095805883407593,0.1695948988199234,0.7785204648971558,1.7733892576643484e-08,0.24867410957813263,0.604488730430603,-0.026620497927069664,0.13668057322502136,0.6103224158287048,-0.036565881222486496
530,1772099484.5589387,2,0
531,1772099484.6101727,2,0
532,1772099484.6627285,2,0
533,1772099484.7136579,2,0
534,1772099484.7615263,2,0
535,1772099484.8088453,2,0
536,1772099484.8600256,2,0
537,1772099484.9099877,2,0
538,1772099484.9593227,2,0
539,1772099485.0088236,2,0
540,1772099485.0591342,2,0
541,1772099485.1093369,2,0
542,1772099485.1589322,2,0
543,1772099485.20935,2,0
544,1772099485.2589068,2,0
545,1772099485.3093107,2,0
546,1772099485.359238,2,0
547,1772099485.407104,2,0
548,1772099485.4588633,2,0
549,1772099485.5102518,2,0
550,1772099485.5601332,2,0
551,1772099485.612492,2,0
552,1772099485.6576023,2,0
553,1772099485.7098255,2,0
554,1772099485.758879,2,0
555,1772099485.8085415,2,0
556,1772099485.858092,2,0
557,1772099485.9110248,2,0
558,1772099485.9570684,2,0
559,1772099486.0059316,2,0
560,1772099486.0417526,2,0
561,1772099486.0915134,2,0
562,1772099486.1414685,2,0
563,1772099486.1918592,2,0
564,1772099486.2438245,2,0
565,1772099486.2913632,2,0
566,1772099486.3414512,2,0
