timestamp,l_shoulder_flexion,l_shoulder_abduction,l_shoulder_internal_rot,l_elbow_flexion,l_wrist_flexion,r_shoulder_flexion,r_shoulder_abduction,r_shoulder_internal_rot,r_elbow_flexion,r_wrist_flexion
1772016136.7593071,-0.06601816693487422,28.402431268284765,52.79796409877982,56.84492654598434,79.99999999999996,11.014323836727016,37.41720795376638,89.99999999999994,25.03112180088265,79.99999999999996
1772016136.8590043,-7.019304752304279,26.37246799896306,43.23079041070354,59.05919244118625,79.99999999999997,28.955185527673642,42.434695401014146,-36.07492349291438,30.76332962397992,79.99999999999997
1772016136.9264328,-10.906450494347874,25.371723837525618,37.8678212134669,60.263314026744865,79.99999999999997,38.96065397148272,45.394371726491585,-104.74503235096574,33.85475724892845,79.99999999999997
1772016136.9841657,-11.384750735388367,25.5053794478031,37.30459990124338,60.24520380788777,79.99999999999996,40.126641761162276,46.14416783268445,-110.16635520201137,34.06037907766182,79.99999999999996
1772016137.0467002,-10.260053868972934,25.931165693757208,38.99952236464809,59.55872342889397,79.99999999999996,37.58213809954432,46.05132231113949,-90.46130624934115,33.20432163352336,79.99999999999996
1772016137.1104164,-9.035703418101601,25.696777175351137,40.408693969644105,58.90124760610531,79.99999999999997,36.153625933360836,46.197621748725474,-80.85583125498283,33.06764625981169,79.99999999999997
1772016137.1711442,-7.992524840680517,24.613168610753867,40.730248603785256,58.545188674937805,79.99999999999997,36.755378495239164,46.51736528996171,-86.66324157558432,34.165240894808335,79.99999999999997
1772016137.233339,-7.1748775822419715,23.361055954858386,40.19384276342334,58.05832320701285,79.99999999999996,37.94645564187962,46.42266421199695,-94.1832149087833,36.18834630456538,79.99999999999996
1772016137.2957282,-7.0750601962309885,22.745634807381986,38.92808291117542,56.53733666233892,79.99999999999996,38.79655992748003,45.62650935583264,-93.01523145035532,38.89784503678507,79.99999999999996
1772016137.3566916,-8.062645124454283,22.887522634692182,36.900999147337814,53.52880755197414,79.99999999999997,39.646227891266726,44.25138681868064,-86.0153079571325,42.37634331842415,79.99999999999997
1772016137.4173257,-9.74572784505102,23.21856507906487,34.41515125977835,49.80212841273781,79.99999999999997,41.08129562059883,42.53968200546141,-84.50262093950033,46.62387388661605,79.99999999999997
1772016137.4796753,-11.293451918778315,23.18073563575939,32.10288271756861,46.73983649104351,79.99999999999996,43.06177782835477,40.71038647446529,-94.72241060618639,51.173266628594796,79.99999999999996
1772016137.5456185,-12.255975173716141,22.740896972601803,30.35597502105527,44.848882063511134,79.99999999999996,45.0579307381576,38.94578880019779,-105.06680238829432,55.301338040979054,79.99999999999996
1772016137.6066856,-12.88157904816323,22.23948842219795,28.99320948337849,43.3631970448111,79.99999999999997,46.62607876451731,37.32601131683312,-90.06243339374363,58.59040673568677,79.99999999999997
1772016137.6684046,-13.650242136875734,21.948549617188363,27.661307622076578,41.43779846346512,79.99999999999997,47.670769836613275,35.83429926053353,-36.28678271408707,61.019704864882236,79.99999999999997
1772016137.7305906,-14.597755185173934,21.8739367673269,26.466625238834947,39.220372174794306,79.99999999999996,48.33164631805415,34.540002593079,36.369245838680044,62.43039205211433,79.99999999999996
1772016137.7937124,-15.163081073037066,21.866787094831547,25.996375764903153,37.50292206250215,79.99999999999996,48.8460860458384,33.6995220346019,89.7354695648437,62.26993405542919,79.99999999999996
1772016137.8554654,-14.725716615194463,21.790785955593606,26.666470170682594,36.69380801182001,79.99999999999997,49.47745830546714,33.527521414437395,104.79379639654945,60.25236325564118,79.99999999999997
1772016137.9165635,-13.271255975841749,21.590343048197237,28.180106775741056,36.461500954713365,79.99999999999997,50.351314783299145,33.88347736276247,95.3660184343014,57.1640636418202,79.99999999999997
1772016137.9815705,-11.458108038148689,21.2841169341367,29.73122138207588,36.23863797753197,79.99999999999996,51.28965096551177,34.33056024697574,85.70424806998308,54.59478643526872,79.99999999999996
1772016138.0423317,-10.006520239619183,20.932251963434368,30.706345593752946,35.75100229843318,79.99999999999996,51.92750327711464,34.554771146296375,85.70197017154982,53.7109480025487,79.99999999999996
1772016138.1052332,-9.110021212638442,20.597757328721066,31.111489025517642,35.00686458852709,79.99999999999997,52.063373677956754,34.62733051201188,90.09421923613863,54.417999435027255,79.99999999999997
1772016138.167232,-8.484499686261643,20.32138242335049,31.335132934965017,34.06962835941978,79.99999999999997,51.863831072593676,34.8045291345354,92.04990848364542,55.65975831467099,79.99999999999997
1772016138.2312834,-7.8115554300056,20.09760062395768,31.639587840805135,33.119143519258245,79.99999999999996,51.72902531492083,35.188080339029526,90.88339414177078,56.31128093580737,79.99999999999996
1772016138.2920375,-6.931650485706874,19.83686752804822,32.00416439382528,32.61067322365552,79.99999999999996,51.98298786334659,35.70089692039573,89.44366795325669,55.92236925499122,79.99999999999996
1772016138.3581922,-5.725022071530141,19.384827808714522,32.368232478638596,32.9638728856729,79.99999999999997,52.63990888872298,36.31310959930693,89.33583701570761,55.05168704702455,79.99999999999997
1772016138.42172,-4.126143646279134,18.652324358101346,32.776745993168426,33.91431287947377,79.99999999999997,53.37974589171024,37.10077061641062,89.95848886867094,55.029654416255006,79.99999999999997
1772016138.481393,-2.3200904308477925,17.729075983475212,33.21922503611407,34.45475613595321,79.99999999999996,53.74526566382046,38.0660170949343,90.29091572862339,57.029752244550934,79.99999999999996
1772016138.5433674,-0.6872866395776823,16.817885766860105,33.52716001266432,33.759142639833854,79.99999999999996,53.49460074004994,39.078413562952655,90.15118013113857,60.91442693514669,79.99999999999996
1772016138.6063452,0.6099403864879265,16.03221080715198,33.55998442933883,32.085111161969614,79.99999999999997,52.927968346245216,40.05987216100722,89.93284157304602,64.9274263898593,79.99999999999997
1772016138.6703799,1.9442232855778543,15.244018411531597,33.3997798217177,30.474868384920775,79.99999999999997,52.85305652988821,41.077386927796375,89.89906997619285,66.88016686866254,79.99999999999997
1772016138.7325084,4.011128938825602,14.138543595640622,33.2827076765606,29.61596770843591,79.99999999999996,53.9881415604994,42.17676284356648,89.98558428273782,65.99663431406812,79.99999999999996
1772016138.7958026,7.145978310941681,12.518228314445532,33.348789126250956,29.310293203403827,79.99999999999996,56.234125917222144,43.264818562238595,90.04053419768059,63.59204106600602,79.99999999999996
1772016138.8600526,10.754970690591096,10.645756443085094,33.44084577059127,29.09109326864667,79.99999999999997,58.67306073348018,44.258364491100686,90.02508925329637,61.761476120077624,79.99999999999997
1772016138.920186,13.55093063405472,9.208740974700438,33.147494741266755,28.994062831107087,79.99999999999997,60.46148364713583,45.22528825118775,89.99246629806214,61.45249235942877,79.99999999999997
1772016138.9824224,14.55503989596642,8.792368505397443,32.11878251146819,29.419536411171855,79.99999999999996,61.62444649828694,46.225897082281605,89.98488657242416,62.013027480708445,79.99999999999996
1772016139.0441713,13.885550220465,9.366989188923807,30.39679836257307,30.38099109259495,79.99999999999996,62.81218972273078,47.102242183211985,89.99666496883025,62.43045957873246,79.99999999999996
1772016139.1094668,12.505766516413738,10.360822533174968,28.426163130449282,31.285293285136785,79.99999999999997,64.41565272171933,47.6201944003918,90.00553661001338,62.48082208451456,79.99999999999997
1772016139.1714094,11.288777037976887,11.21195775080047,26.70627308533572,31.574639094871248,79.99999999999997,66.17958945309259,47.76999440618016,90.0040639563862,62.5503627906408,79.99999999999997
1772016139.2351735,10.445010946025691,11.767418527355659,25.421431488489326,31.3345686470948,79.99999999999996,67.64953517034571,47.72720255885092,89.99925959514424,62.789599975723334,79.99999999999996
1772016139.2957728,9.761648576415324,12.172717192636053,24.447010576229268,31.102865777452923,79.99999999999996,68.70828023793334,47.60154928597825,89.99776938132517,62.775509805774874,79.99999999999996
1772016139.359032,9.122264596729659,12.535100961470814,23.713520534181253,31.243793219225203,79.99999999999997,69.53929296456731,47.48318599600774,89.99933453285223,61.9445423008466,79.99999999999997
1772016139.4212854,8.625560805686144,12.817414653335756,23.427097101754235,31.692048965082932,79.99999999999997,70.25562059276754,47.64894533380871,90.00073865837165,60.26085908350214,79.99999999999997
1772016139.4841144,8.325736107136176,12.993225784356023,23.822689071786456,32.19558977536079,79.99999999999996,70.7956451228954,48.38382878238713,90.00064502487476,58.389935593482754,79.99999999999996
1772016139.5495627,8.113827699371965,13.132698152323425,24.79425238340134,32.55941737463051,79.99999999999996,71.13688543738687,49.57107319537397,89.99994781807526,57.085319410365514,79.99999999999996
1772016139.6095748,7.910324365065605,13.282768747545981,25.90188439841785,32.64814191961353,79.99999999999997,71.38839400250305,50.731542718110624,89.99967556375834,56.41415541324458,79.99999999999997
1772016139.67383,7.809667775909702,13.370452997364339,26.726619587031756,32.40767864694565,79.99999999999997,71.61982961632582,51.54521540812132,89.99987732537147,55.728127834562024,79.99999999999997
1772016139.739695,7.934968149541056,13.304257006828855,27.1610852906785,32.012986948630335,79.99999999999996,71.77976285174064,52.13141293479834,90.00009570664665,54.394151334638515,79.99999999999996
1772016139.7998838,8.21801310286412,13.129658209439405,27.380873847605418,31.83800966346532,79.99999999999996,71.90124824780976,52.71486750799832,90.00010057286596,52.42152277102418,79.99999999999996
1772016139.8595243,8.380010151770925,13.042046340643223,27.581119697174618,32.13874702549593,79.99999999999997,72.27788230068494,53.1910153557375,90.00000094107214,50.31498956977235,79.99999999999997
1772016139.9213853,8.123038105598239,13.257168666746537,27.755580144897568,32.79730883276112,79.99999999999997,73.27495213472088,53.20854755859479,89.99995352671898,48.42927586944536,79.99999999999997
1772016139.9838898,7.42222465009913,13.817848451925402,27.759940912441962,33.40376078338195,79.99999999999996,74.95432157357392,52.635123195999554,89.99997850320314,46.67447142507295,79.99999999999996
1772016140.0455458,6.7714286160729795,14.415414457811671,27.62941431904859,33.571788888025615,79.99999999999996,76.97630295833423,51.7928226195663,90.00001193106097,44.85324923927935,79.99999999999996
1772016140.1072834,7.064946402016008,14.43208454733963,27.773660045959865,33.22584340317016,79.99999999999997,78.87867210719158,51.227267782841324,90.00001543070263,43.05605349316821,79.99999999999997
1772016140.1682498,8.902735368963516,13.38631372970338,28.68126488241124,32.628032583925666,79.99999999999997,80.35401762329016,51.33052194393904,90.00000142819371,41.669294695032185,79.99999999999997
1772016140.2365265,11.850670205238844,11.468142400963208,30.354158986129235,32.097303253850264,79.99999999999996,81.2659769480184,52.144554776327034,89.9999934514112,41.097811570567394,79.99999999999996
1772016140.2937913,14.64561381864809,9.479493692334634,32.19080719054875,31.727402287800718,79.99999999999996,81.60145838773458,53.364706916200866,89.99999636670329,41.35731199054739,79.99999999999996
1772016140.3550577,16.338087132861858,8.106175589525062,33.56370563648554,31.450354911805032,79.99999999999997,81.53818046511371,54.493089257841845,90.0000014074567,41.82339973180468,79.99999999999997
1772016140.4218829,17.02350788591697,7.387967121006859,34.40034564766494,31.281490706756,79.99999999999997,81.42404612327793,55.15531683141838,90.00000233204521,41.65173454029691,79.99999999999997
1772016140.4801836,17.357079782937934,6.970978752045317,35.073845102112635,31.298201461487356,79.99999999999996,81.52382139228864,55.39792831347776,90.00000040036211,40.67025177154617,79.99999999999996
1772016140.5429192,17.762507902158216,6.5870662809377105,35.85623328495409,31.393612773367412,79.99999999999996,81.82072276781427,55.605376993625335,89.99999909391951,39.606220098856014,79.99999999999996
1772016140.6042073,18.350421992538852,6.10323009849441,36.6831533278821,31.311648696652775,79.99999999999997,82.13944312747265,56.054133186612724,89.9999994027381,39.20488370154835,79.99999999999997
1772016140.6700077,19.16811471044332,5.41032719394695,37.410465109718544,31.03984373076836,79.99999999999997,82.37158065200346,56.64626310350248,90.00000015189742,39.4125805353938,79.99999999999997
1772016140.7282395,20.09293827305124,4.583990630763271,38.03398210441371,30.8815475262012,79.99999999999996,82.46856450090893,57.15117706552064,90.00000034734614,39.75702165442928,79.99999999999996
1772016140.7929683,20.67958431126431,4.017750410706886,38.505011430433335,30.81017915926438,79.99999999999996,82.30118794742386,57.56904416639984,90.00000008655562,40.27787140213164,79.99999999999996
1772016140.85438,20.48043993862831,4.141294997103692,38.52587838975285,30.016346232128527,79.99999999999997,81.71772593769961,58.09122128847787,89.9999998772436,41.567884179174044,79.99999999999997
1772016140.9199572,19.489810033669066,5.039800748328029,37.8430335259973,27.779169166328035,79.99999999999997,80.78689122770595,58.74995844884997,89.99999990401354,43.833022423955704,79.99999999999997
1772016140.9814112,18.109582541011505,6.446906204517158,36.730490240310495,24.838173123245166,79.99999999999996,79.85201538866303,59.29091397051966,90.00000001375105,46.29084953981466,79.99999999999996
1772016141.042634,16.756421034329243,8.000767835776392,35.87323790837962,23.139540888610384,79.99999999999996,79.22741702386587,59.46758432907696,90.00000005099176,47.77076253530041,79.99999999999996
1772016141.106391,15.62619076903138,9.409740735907159,35.669963559681264,23.84405262597717,79.99999999999997,78.87610906900895,59.354918550408144,90.00000001669285,47.831295798296225,79.99999999999997
1772016141.165617,14.74497127777816,10.49505539830306,35.86410949949049,26.044312276098605,79.99999999999997,78.47603444176553,59.261322671639434,89.99999998378506,47.11883136371688,79.99999999999997
1772016141.2293253,14.07787949434654,11.229938982338298,35.94105872574531,27.755945029397232,79.99999999999996,77.77151813435204,59.38516014120253,89.99999998486834,46.68987643289222,79.99999999999996
1772016141.2924275,13.555186973387604,11.743559750548872,35.70100774360418,27.88150279192093,79.99999999999996,76.76362574597604,59.66676831406997,90.00000000070493,47.15057716651123,79.99999999999996
1772016141.3604746,13.074824724722916,12.222904805629264,35.35254693185844,26.982737498671337,79.99999999999997,75.59310227043964,59.941590174652724,90.00000000737565,48.35668969380118,79.99999999999997
1772016141.4185715,12.575708039094259,12.757892812072486,35.18908751350566,26.359976661904273,79.99999999999997,74.38189983489659,60.11216338095814,90.00000000301328,49.63571464200362,79.99999999999997
1772016141.4827857,12.141142737162449,13.2502517710189,35.30502357560971,26.737075995312104,79.99999999999996,73.23536899252733,60.14084369561171,89.99999999792588,50.2311851811484,79.99999999999996
1772016141.5432587,11.955596757674758,13.503039660471863,35.58084532010847,27.920845855576086,79.99999999999996,72.29226039992301,59.955928433878285,89.99999999765494,49.81207880437803,79.99999999999996
1772016141.6079729,12.075329790355921,13.456059004298307,35.82917863070662,29.41876015619646,79.99999999999997,71.65780117257232,59.45798184429233,89.99999999990456,48.74592871442686,79.99999999999997
1772016141.6715293,12.284854793811553,13.31084849764233,35.94344779371338,31.002337374509402,79.99999999999997,71.2837567059758,58.66515469250251,90.00000000105025,47.757027556339295,79.99999999999997
1772016141.7362218,12.27337460908196,13.356473746764536,35.96604486527715,32.639655076526864,79.99999999999996,70.97173438851372,57.8180737901597,90.00000000052034,47.2533243403068,79.99999999999996
1772016141.801643,11.941686641991627,13.67932977540401,36.01431474415413,34.17123351273465,79.99999999999996,70.52403197712403,57.239788765870685,89.99999999974598,47.136447775734766,79.99999999999996
1772016141.8614419,11.488154667032443,14.086837182697007,36.13093256656078,35.313331752929095,79.99999999999997,69.91998254923382,57.0285697532877,89.9999999996422,47.162740720529705,79.99999999999997
1772016141.9229198,11.226796731612676,14.293597377711698,36.25510089397781,35.973627984787974,79.99999999999997,69.37554319913113,56.93212838398533,89.99999999995627,47.133848746285636,79.99999999999997
1772016141.983883,11.341913040496623,14.153263340214597,36.331606367358404,36.3635117746626,79.99999999999996,69.16455551755394,56.603210056089075,90.00000000014698,46.83824449064731,79.99999999999996
1772016142.0441604,11.751265285932595,13.75608575466582,36.37027867271501,36.7179454229982,79.99999999999996,69.2927355444527,55.98298542233393,90.00000000008694,46.23734532308223,79.99999999999996
